"","lat","lon","ID_name","geometry"
"1",51.6883122561635,2.83644426001133,"Belwind_1",c(2.83644426001133, 51.6883122561635)
"2",51.7026944453955,2.80897222282798,"Belwind_2",c(2.80897222282798, 51.7026944453955)
"3",51.7001111114901,2.81394444386693,"Belwind_3",c(2.81394444386693, 51.7001111114901)
"4",51.6975277778544,2.81897222264361,"Belwind_4",c(2.81897222264361, 51.6975277778544)
"5",51.6949166665459,2.82397222251674,"Belwind_5",c(2.82397222251674, 51.6949166665459)
"6",51.6923333337809,2.82894444383489,"Belwind_6",c(2.82894444383489, 51.6923333337809)
"7",51.6354444438834,2.79497222262697,"Belwind_7",c(2.79497222262697, 51.6354444438834)
"8",51.6411388888964,2.79836111119188,"Belwind_8",c(2.79836111119188, 51.6411388888964)
"9",51.6468333334276,2.8017499996998,"Belwind_9",c(2.8017499996998, 51.6468333334276)
"10",51.6525277777179,2.80516666623221,"Belwind_10",c(2.80516666623221, 51.6525277777179)
"11",51.658194444894,2.80855555546638,"Belwind_11",c(2.80855555546638, 51.658194444894)
"12",51.6638888890833,2.81194444439458,"Belwind_12",c(2.81194444439458, 51.6638888890833)
"13",51.6695833324515,2.81536111052027,"Belwind_13",c(2.81536111052027, 51.6695833324515)
"14",51.675277776792,2.81874999940963,"Belwind_14",c(2.81874999940963, 51.675277776792)
"15",51.680944444317,2.82213888921051,"Belwind_15",c(2.82213888921051, 51.680944444317)
"16",51.6866388886841,2.82555555586055,"Belwind_16",c(2.82555555586055, 51.6866388886841)
"17",51.6380277779223,2.78997222212167,"Belwind_17",c(2.78997222212167, 51.6380277779223)
"18",51.6437222223445,2.79338888821904,"Belwind_18",c(2.79338888821904, 51.6437222223445)
"19",51.6494166669516,2.79677777788409,"Belwind_19",c(2.79677777788409, 51.6494166669516)
"20",51.6551111110766,2.80016666612836,"Belwind_20",c(2.80016666612836, 51.6551111110766)
"21",51.6608055556372,2.80355555594276,"Belwind_21",c(2.80355555594276, 51.6608055556372)
"22",51.6664722223532,2.80694444404072,"Belwind_22",c(2.80694444404072, 51.6664722223532)
"23",51.6721667082379,2.81036113518743,"Belwind_23",c(2.81036113518743, 51.6721667082379)
"24",51.6778611111014,2.81375000012217,"Belwind_24",c(2.81375000012217, 51.6778611111014)
"25",51.683555555027,2.81716666671881,"Belwind_25",c(2.81716666671881, 51.683555555027)
"26",51.6892222221958,2.82055555483391,"Belwind_26",c(2.82055555483391, 51.6892222221958)
"27",51.6408334245184,2.78513894298234,"Belwind_27",c(2.78513894298234, 51.6408334245184)
"28",51.6463055561083,2.78838888878255,"Belwind_28",c(2.78838888878255, 51.6463055561083)
"29",51.6519999997974,2.79177777754365,"Belwind_29",c(2.79177777754365, 51.6519999997974)
"30",51.6576944447941,2.79516666629835,"Belwind_30",c(2.79516666629835, 51.6576944447941)
"31",51.6633888884143,2.79855555516287,"Belwind_31",c(2.79855555516287, 51.6633888884143)
"32",51.6690833334465,2.80197222221112,"Belwind_32",c(2.80197222221112, 51.6690833334465)
"33",51.6747500006958,2.80536111121315,"Belwind_33",c(2.80536111121315, 51.6747500006958)
"34",51.680444444887,2.80875000098303,"Belwind_34",c(2.80875000098303, 51.680444444887)
"35",51.6861388886502,2.81213888838171,"Belwind_35",c(2.81213888838171, 51.6861388886502)
"36",51.6918319412079,2.81555595300556,"Belwind_36",c(2.81555595300556, 51.6918319412079)
"37",51.6436461483891,2.78025103776668,"Belwind_37",c(2.78025103776668, 51.6436461483891)
"38",51.6489166668404,2.78333333289603,"Belwind_38",c(2.78333333289603, 51.6489166668404)
"39",51.65458347613,2.7867778620858,"Belwind_39",c(2.7867778620858, 51.65458347613)
"40",51.6602777770856,2.79016666671048,"Belwind_40",c(2.79016666671048, 51.6602777770856)
"41",51.6659722224695,2.79355555602635,"Belwind_41",c(2.79355555602635, 51.6659722224695)
"42",51.6716791940584,2.79697967723932,"Belwind_42",c(2.79697967723932, 51.6716791940584)
"43",51.6773861581624,2.80037601630238,"Belwind_43",c(2.80037601630238, 51.6773861581624)
"44",51.6830555554709,2.80375000047422,"Belwind_44",c(2.80375000047422, 51.6830555554709)
"45",51.6887499997655,2.80716666585298,"Belwind_45",c(2.80716666585298, 51.6887499997655)
"46",51.6944064664675,2.81056033513978,"Belwind_46",c(2.81056033513978, 51.6944064664675)
"47",51.645805556247,2.7750000006923,"Belwind_47",c(2.7750000006923, 51.645805556247)
"48",51.6515000004101,2.77838888830248,"Belwind_48",c(2.77838888830248, 51.6515000004101)
"49",51.6571944440493,2.78177777721084,"Belwind_49",c(2.78177777721084, 51.6571944440493)
"50",51.6628959113059,2.78519861006195,"Belwind_50",c(2.78519861006195, 51.6628959113059)
"51",51.6799444451092,2.79536111164556,"Belwind_51",c(2.79536111164556, 51.6799444451092)
"52",51.6857011320036,2.79881481704951,"Belwind_52",c(2.79881481704951, 51.6857011320036)
"53",51.6913333336393,2.80216666718769,"Belwind_53",c(2.80216666718769, 51.6913333336393)
"54",51.6969999996384,2.80555555603028,"Belwind_54",c(2.80555555603028, 51.6969999996384)
"55",51.7043748426049,2.72432038905997,"Mermaid_109",c(2.72432038905997, 51.7043748426049)
"56",51.6986595176047,2.72876082643849,"Mermaid_110",c(2.72876082643849, 51.6986595176047)
"57",51.6932796355842,2.71801744125759,"Mermaid_111",c(2.71801744125759, 51.6932796355842)
"58",51.6975198561076,2.71408685072294,"Mermaid_112",c(2.71408685072294, 51.6975198561076)
"59",51.7097959193651,2.71914077867181,"Mermaid_113",c(2.71914077867181, 51.7097959193651)
"60",51.7134699009869,2.70886845331366,"Mermaid_114",c(2.70886845331366, 51.7134699009869)
"61",51.7059614504534,2.70627696777199,"Mermaid_115",c(2.70627696777199, 51.7059614504534)
"62",51.7017341145026,2.71018347295549,"Mermaid_116",c(2.71018347295549, 51.7017341145026)
"63",51.7204052378818,2.71115768167836,"Mermaid_117",c(2.71115768167836, 51.7204052378818)
"64",51.727893958005,2.71363783562054,"Mermaid_118",c(2.71363783562054, 51.727893958005)
"65",51.7324839312573,2.72147545815537,"Mermaid_119",c(2.72147545815537, 51.7324839312573)
"66",51.7358263193091,2.7389935725313,"Mermaid_120",c(2.7389935725313, 51.7358263193091)
"67",51.7386481460221,2.7536434707968,"Mermaid_121",c(2.7536434707968, 51.7386481460221)
"68",51.7185615462942,2.72299556751232,"Mermaid_122",c(2.72299556751232, 51.7185615462942)
"69",51.7261633271013,2.72920391928389,"Mermaid_123",c(2.72920391928389, 51.7261633271013)
"70",51.7215841930918,2.7383363920062,"Mermaid_124",c(2.7383363920062, 51.7215841930918)
"71",51.7296285602101,2.74860672980398,"Mermaid_125",c(2.74860672980398, 51.7296285602101)
"72",51.7357329012421,2.76013513250675,"Mermaid_126",c(2.76013513250675, 51.7357329012421)
"73",51.7114534112515,2.7317683628872,"Mermaid_127",c(2.7317683628872, 51.7114534112515)
"74",51.7165668452158,2.74710192906536,"Mermaid_128",c(2.74710192906536, 51.7165668452158)
"75",51.7231721975129,2.75807458239046,"Mermaid_129",c(2.75807458239046, 51.7231721975129)
"76",51.731749461227,2.76688920580367,"Mermaid_130",c(2.76688920580367, 51.731749461227)
"77",51.7275284083613,2.77404824903336,"Mermaid_131",c(2.77404824903336, 51.7275284083613)
"78",51.7044325253554,2.7407331235719,"Mermaid_132",c(2.7407331235719, 51.7044325253554)
"79",51.709023084196,2.7502739099638,"Mermaid_133",c(2.7502739099638, 51.709023084196)
"80",51.7131314760319,2.7641268510949,"Mermaid_134",c(2.7641268510949, 51.7131314760319)
"81",51.7155657148039,2.78040796451714,"Mermaid_135",c(2.78040796451714, 51.7155657148039)
"82",51.7231927838944,2.78099673189653,"Mermaid_136",c(2.78099673189653, 51.7231927838944)
"83",51.6788333331424,2.83908583295356,"Nobelwind_137",c(2.83908583295356, 51.6788333331424)
"84",51.6757222224394,2.84354222202351,"Nobelwind_138",c(2.84354222202351, 51.6757222224394)
"85",51.672550000359,2.84802611166976,"Nobelwind_139",c(2.84802611166976, 51.672550000359)
"86",51.6700444446653,2.85505611047711,"Nobelwind_140",c(2.85505611047711, 51.6700444446653)
"87",51.6671916665938,2.859841666987,"Nobelwind_141",c(2.859841666987, 51.6671916665938)
"88",51.6722333335096,2.86619583317654,"Nobelwind_142",c(2.86619583317654, 51.6722333335096)
"89",51.6751305554717,2.86138722210435,"Nobelwind_143",c(2.86138722210435, 51.6751305554717)
"90",51.6784305553541,2.8555361105218,"Nobelwind_144",c(2.8555361105218, 51.6784305553541)
"91",51.6810666665309,2.85147111064164,"Nobelwind_145",c(2.85147111064164, 51.6810666665309)
"92",51.6839916665422,2.84663777806909,"Nobelwind_146",c(2.84663777806909, 51.6839916665422)
"93",51.6317916669147,2.81394083404768,"Nobelwind_147",c(2.81394083404768, 51.6317916669147)
"94",51.636566666713,2.82097166731026,"Nobelwind_148",c(2.82097166731026, 51.636566666713)
"95",51.64246666656,2.82494083293604,"Nobelwind_149",c(2.82494083293604, 51.64246666656)
"96",51.646758333591,2.83386416629971,"Nobelwind_150",c(2.83386416629971, 51.646758333591)
"97",51.6519472219533,2.84043416679844,"Nobelwind_151",c(2.84043416679844, 51.6519472219533)
"98",51.65700277795,2.84688444481696,"Nobelwind_152",c(2.84688444481696, 51.65700277795)
"99",51.6620472222318,2.85334305578834,"Nobelwind_153",c(2.85334305578834, 51.6620472222318)
"100",51.6649444444481,2.84850444447896,"Nobelwind_154",c(2.84850444447896, 51.6649444444481)
"101",51.6691277778038,2.84009166716764,"Nobelwind_155",c(2.84009166716764, 51.6691277778038)
"102",51.6822305558617,2.83385000010301,"Nobelwind_156",c(2.83385000010301, 51.6822305558617)
"103",51.6263638892681,2.80796583306032,"Nobelwind_157",c(2.80796583306032, 51.6263638892681)
"104",51.6297222218011,2.80453250044562,"Nobelwind_158",c(2.80453250044562, 51.6297222218011)
"105",51.6343555557008,2.80963277824329,"Nobelwind_159",c(2.80963277824329, 51.6343555557008)
"106",51.6394611110232,2.81615666598313,"Nobelwind_160",c(2.81615666598313, 51.6394611110232)
"107",51.6454777780745,2.82023305518371,"Nobelwind_161",c(2.82023305518371, 51.6454777780745)
"108",51.6496055556096,2.82583194415492,"Nobelwind_162",c(2.82583194415492, 51.6496055556096)
"109",51.6545111111591,2.82987777746876,"Nobelwind_163",c(2.82987777746876, 51.6545111111591)
"110",51.6593861110329,2.83401916705775,"Nobelwind_164",c(2.83401916705775, 51.6593861110329)
"111",51.6673194448487,2.83209166653311,"Nobelwind_165",c(2.83209166653311, 51.6673194448487)
"112",51.6766416670042,2.83061861170878,"Nobelwind_166",c(2.83061861170878, 51.6766416670042)
"113",51.6213083332611,2.80155666660717,"Nobelwind_167",c(2.80155666660717, 51.6213083332611)
"114",51.6250861112467,2.79945333371762,"Nobelwind_168",c(2.79945333371762, 51.6250861112467)
"115",51.6300222218911,2.79656138824445,"Nobelwind_169",c(2.79656138824445, 51.6300222218911)
"116",51.637480555944,2.80555444429102,"Nobelwind_170",c(2.80555444429102, 51.637480555944)
"117",51.6427777776654,2.81062166711613,"Nobelwind_171",c(2.81062166711613, 51.6427777776654)
"118",51.6484250000846,2.81384361114198,"Nobelwind_172",c(2.81384361114198, 51.6484250000846)
"119",51.6539027777698,2.8169986117655,"Nobelwind_173",c(2.8169986117655, 51.6539027777698)
"120",51.6594611113304,2.82044138876409,"Nobelwind_174",c(2.82044138876409, 51.6594611113304)
"121",51.665036110738,2.82390083354057,"Nobelwind_175",c(2.82390083354057, 51.665036110738)
"122",51.6709111109669,2.82715611052557,"Nobelwind_176",c(2.82715611052557, 51.6709111109669)
"123",51.6489750003747,2.76753666731131,"Nobelwind_177",c(2.76753666731131, 51.6489750003747)
"124",51.6529527780843,2.76635861104768,"Nobelwind_178",c(2.76635861104768, 51.6529527780843)
"125",51.6582694440514,2.76955111155651,"Nobelwind_179",c(2.76955111155651, 51.6582694440514)
"126",51.6635944442891,2.77267277805226,"Nobelwind_180",c(2.77267277805226, 51.6635944442891)
"127",51.6743083336974,2.77907083404641,"Nobelwind_181",c(2.77907083404641, 51.6743083336974)
"128",51.6847972218232,2.78530194458436,"Nobelwind_182",c(2.78530194458436, 51.6847972218232)
"129",51.6952444447278,2.7915066670242,"Nobelwind_183",c(2.7915066670242, 51.6952444447278)
"130",51.7060194442639,2.79791305514621,"Nobelwind_184",c(2.79791305514621, 51.7060194442639)
"131",51.7112583335578,2.80105722217918,"Nobelwind_185",c(2.80105722217918, 51.7112583335578)
"132",51.7079416665745,2.80636583399937,"Nobelwind_186",c(2.80636583399937, 51.7079416665745)
"133",51.5977084700161,2.87621311743091,"Northwind_230",c(2.87621311743091, 51.5977084700161)
"134",51.6005209815386,2.88317920315385,"Northwind_231",c(2.88317920315385, 51.6005209815386)
"135",51.6041312112867,2.8879060993639,"Northwind_232",c(2.8879060993639, 51.6041312112867)
"136",51.6056491444923,2.89588767841852,"Northwind_233",c(2.89588767841852, 51.6056491444923)
"137",51.6084604850285,2.90285619566114,"Northwind_234",c(2.90285619566114, 51.6084604850285)
"138",51.6096448454998,2.91101298002064,"Northwind_235",c(2.91101298002064, 51.6096448454998)
"139",51.6134060975687,2.91476066334594,"Northwind_236",c(2.91476066334594, 51.6134060975687)
"140",51.6144186962102,2.9227745064186,"Northwind_237",c(2.9227745064186, 51.6144186962102)
"141",51.6173094760679,2.91621216418666,"Northwind_238",c(2.91621216418666, 51.6173094760679)
"142",51.5970074787741,2.86827453224029,"Northwind_239",c(2.86827453224029, 51.5970074787741)
"143",51.6027808425224,2.87728225728445,"Northwind_240",c(2.87728225728445, 51.6027808425224)
"144",51.6066695078496,2.88147390686394,"Northwind_241",c(2.88147390686394, 51.6066695078496)
"145",51.6080532482158,2.88971597631079,"Northwind_242",c(2.88971597631079, 51.6080532482158)
"146",51.6110983783708,2.89627958155843,"Northwind_243",c(2.89627958155843, 51.6110983783708)
"147",51.6149320068854,2.89999712216762,"Northwind_244",c(2.89999712216762, 51.6149320068854)
"148",51.6122921516399,2.90439332174874,"Northwind_245",c(2.90439332174874, 51.6122921516399)
"149",51.6161165312973,2.90811166176613,"Northwind_246",c(2.90811166176613, 51.6161165312973)
"150",51.6199497825128,2.91183060916175,"Northwind_247",c(2.91183060916175, 51.6199497825128)
"151",51.6225899126124,2.90743410024916,"Northwind_248",c(2.90743410024916, 51.6225899126124)
"152",51.5984386062326,2.86173010905017,"Northwind_249",c(2.86173010905017, 51.5984386062326)
"153",51.6017732273981,2.868462886532,"Northwind_250",c(2.868462886532, 51.6017732273981)
"154",51.6057783911112,2.87200356280478,"Northwind_251",c(2.87200356280478, 51.6057783911112)
"155",51.6094791948288,2.87693204997582,"Northwind_252",c(2.87693204997582, 51.6094791948288)
"156",51.6106925555139,2.8853193361183,"Northwind_253",c(2.8853193361183, 51.6106925555139)
"157",51.6137379301359,2.89188302720017,"Northwind_254",c(2.89188302720017, 51.6137379301359)
"158",51.6175716960381,2.89560041252785,"Northwind_255",c(2.89560041252785, 51.6175716960381)
"159",51.6214053420585,2.89931842402717,"Northwind_256",c(2.89931842402717, 51.6214053420585)
"160",51.618756523959,2.90371530793281,"Northwind_257",c(2.90371530793281, 51.618756523959)
"161",51.6014834254588,2.85893419730723,"Northwind_258",c(2.85893419730723, 51.6014834254588)
"162",51.6252298766267,2.90303708104717,"Northwind_259",c(2.90303708104717, 51.6252298766267)
"163",51.6278696745093,2.89863955148086,"Northwind_260",c(2.89863955148086, 51.6278696745093)
"164",51.6241342170221,2.89414076632839,"Northwind_261",c(2.89414076632839, 51.6241342170221)
"165",51.6202112190516,2.89120319275459,"Northwind_262",c(2.89120319275459, 51.6202112190516)
"166",51.6163773295979,2.8875004061888,"Northwind_263",c(2.8875004061888, 51.6163773295979)
"167",51.6133317112875,2.88093662839692,"Northwind_264",c(2.88093662839692, 51.6133317112875)
"168",51.6089301544233,2.86813894265081,"Northwind_265",c(2.86813894265081, 51.6089301544233)
"169",51.6051843770352,2.86351460133867,"Northwind_266",c(2.86351460133867, 51.6051843770352)
"170",51.6276096013849,2.91054442917089,"Northwind_267",c(2.91054442917089, 51.6276096013849)
"171",51.6302496794462,2.90614710470163,"Northwind_268",c(2.90614710470163, 51.6302496794462)
"172",51.6338068461035,2.90189177727929,"Northwind_269",c(2.90189177727929, 51.6338068461035)
"173",51.6308967187419,2.89510749111969,"Northwind_270",c(2.89510749111969, 51.6308967187419)
"174",51.6272060719805,2.89059414228676,"Northwind_271",c(2.89059414228676, 51.6272060719805)
"175",51.6234792417327,2.88603827884566,"Northwind_272",c(2.88603827884566, 51.6234792417327)
"176",51.619628016422,2.88314459482481,"Northwind_273",c(2.88314459482481, 51.619628016422)
"177",51.6164211711927,2.87740435170387,"Northwind_274",c(2.87740435170387, 51.6164211711927)
"178",51.6126397337841,2.87272081895913,"Northwind_275",c(2.87272081895913, 51.6126397337841)
"179",51.6249693572307,2.9149412432006,"Northwind_276",c(2.9149412432006, 51.6249693572307)
"180",51.6314427685175,2.91426452022239,"Northwind_277",c(2.91426452022239, 51.6314427685175)
"181",51.6352758155487,2.91798523816942,"Northwind_278",c(2.91798523816942, 51.6352758155487)
"182",51.6390367332588,2.92159110245215,"Northwind_279",c(2.92159110245215, 51.6390367332588)
"183",51.6416772196104,2.91719331298746,"Northwind_280",c(2.91719331298746, 51.6416772196104)
"184",51.6379161686378,2.91358760348089,"Northwind_281",c(2.91358760348089, 51.6379161686378)
"185",51.6340829840792,2.90986704062177,"Northwind_282",c(2.90986704062177, 51.6340829840792)
"186",51.6376474292793,2.90334295606589,"Northwind_283",c(2.90334295606589, 51.6376474292793)
"187",51.6410149332484,2.90920299328149,"Northwind_284",c(2.90920299328149, 51.6410149332484)
"188",51.644766554113,2.91204262568408,"Northwind_285",c(2.91204262568408, 51.644766554113)
"189",51.6223289470302,2.91933754686571,"Northwind_286",c(2.91933754686571, 51.6223289470302)
"190",51.6261618297063,2.92304350134692,"Northwind_287",c(2.92304350134692, 51.6261618297063)
"191",51.6299946021513,2.92676452790438,"Northwind_288",c(2.92676452790438, 51.6299946021513)
"192",51.6337462708412,2.93038516286872,"Northwind_289",c(2.93038516286872, 51.6337462708412)
"193",51.6363870893151,2.92598839576801,"Northwind_290",c(2.92598839576801, 51.6363870893151)
"194",51.6326352868233,2.92236791364483,"Northwind_291",c(2.92236791364483, 51.6326352868233)
"195",51.6288023868668,2.91866148926789,"Northwind_292",c(2.91866148926789, 51.6288023868668)
"196",51.6196883708297,2.92373334024115,"Northwind_293",c(2.92373334024115, 51.6196883708297)
"197",51.6235211165579,2.92743945034426,"Northwind_294",c(2.92743945034426, 51.6235211165579)
"198",51.6209359485521,2.93494044659707,"Northwind_295",c(2.93494044659707, 51.6209359485521)
"199",51.6273537514869,2.93116063164323,"Northwind_296",c(2.93116063164323, 51.6273537514869)
"200",51.6175877094641,2.92909550354972,"Northwind_297",c(2.92909550354972, 51.6175877094641)
"201",51.6247127348763,2.93555622493642,"Northwind_298",c(2.93555622493642, 51.6247127348763)
"202",51.6311052863783,2.93478141933566,"Northwind_299",c(2.93478141933566, 51.6311052863783)
"203",51.6284731200134,2.93916270599464,"Northwind_300",c(2.93916270599464, 51.6284731200134)
"204",51.6259036808839,2.94344228258929,"Northwind_301",c(2.94344228258929, 51.6259036808839)
"205",51.6891422743425,2.76987675851,"Northwester 2_302",c(2.76987675851, 51.6891422743425)
"206",51.6941264203167,2.77297158313632,"Northwester 2_303",c(2.77297158313632, 51.6941264203167)
"207",51.7030692105846,2.77774277872859,"Northwester 2_304",c(2.77774277872859, 51.7030692105846)
"208",51.7092648642348,2.78179371015838,"Northwester 2_305",c(2.78179371015838, 51.7092648642348)
"209",51.6962822410595,2.76483738090811,"Northwester 2_306",c(2.76483738090811, 51.6962822410595)
"210",51.7027145708354,2.75937894122919,"Northwester 2_307",c(2.75937894122919, 51.7027145708354)
"211",51.7069269261587,2.76705130975459,"Northwester 2_308",c(2.76705130975459, 51.7069269261587)
"212",51.6956603622054,2.75398569072966,"Northwester 2_309",c(2.75398569072966, 51.6956603622054)
"213",51.6995280031651,2.74664012200709,"Northwester 2_310",c(2.74664012200709, 51.6995280031651)
"214",51.6928600574458,2.73571124145544,"Northwester 2_311",c(2.73571124145544, 51.6928600574458)
"215",51.6905121562851,2.74437541978656,"Northwester 2_312",c(2.74437541978656, 51.6905121562851)
"216",51.6853042269633,2.75302819455959,"Northwester 2_313",c(2.75302819455959, 51.6853042269633)
"217",51.684013912626,2.74097714296055,"Northwester 2_314",c(2.74097714296055, 51.684013912626)
"218",51.6831418373285,2.72886249757825,"Northwester 2_315",c(2.72886249757825, 51.6831418373285)
"219",51.6883406315442,2.72351595007507,"Northwester 2_316",c(2.72351595007507, 51.6883406315442)
"220",51.6776995148699,2.74907451325407,"Northwester 2_317",c(2.74907451325407, 51.6776995148699)
"221",51.676053158033,2.73397147250723,"Northwester 2_318",c(2.73397147250723, 51.676053158033)
"222",51.6709174816509,2.73890758989282,"Northwester 2_319",c(2.73890758989282, 51.6709174816509)
"223",51.6668815686744,2.74502987161344,"Northwester 2_320",c(2.74502987161344, 51.6668815686744)
"224",51.6814464280053,2.76514134199038,"Northwester 2_321",c(2.76514134199038, 51.6814464280053)
"225",51.6750714779702,2.76150109204642,"Northwester 2_322",c(2.76150109204642, 51.6750714779702)
"226",51.6685371486859,2.75766826695202,"Northwester 2_323",c(2.75766826695202, 51.6685371486859)
"227",51.6584019978964,2.75118264549051,"Northwester 2_324",c(2.75118264549051, 51.6584019978964)
"228",51.590809684305,2.89071926124702,"Rentel_325",c(2.89071926124702, 51.590809684305)
"229",51.5862964679385,2.89731972260418,"Rentel_326",c(2.89731972260418, 51.5862964679385)
"230",51.5814211317042,2.90489742809292,"Rentel_327",c(2.90489742809292, 51.5814211317042)
"231",51.5770474192111,2.91347896025659,"Rentel_328",c(2.91347896025659, 51.5770474192111)
"232",51.5722672223224,2.9210255277227,"Rentel_329",c(2.9210255277227, 51.5722672223224)
"233",51.5683310178997,2.92974364157133,"Rentel_330",c(2.92974364157133, 51.5683310178997)
"234",51.5640414969099,2.93843331515417,"Rentel_331",c(2.93843331515417, 51.5640414969099)
"235",51.5950966231969,2.8998112802222,"Rentel_332",c(2.8998112802222, 51.5950966231969)
"236",51.5907835104042,2.90767211688649,"Rentel_333",c(2.90767211688649, 51.5907835104042)
"237",51.5865177158536,2.91617700572511,"Rentel_334",c(2.91617700572511, 51.5865177158536)
"238",51.5822344601318,2.92352615725366,"Rentel_335",c(2.92352615725366, 51.5822344601318)
"239",51.5778261521049,2.93123994625338,"Rentel_336",c(2.93123994625338, 51.5778261521049)
"240",51.5735110099196,2.93909439524733,"Rentel_337",c(2.93909439524733, 51.5735110099196)
"241",51.5693994233815,2.94689214685011,"Rentel_338",c(2.94689214685011, 51.5693994233815)
"242",51.5985564691367,2.91346018456607,"Rentel_339",c(2.91346018456607, 51.5985564691367)
"243",51.5948298178939,2.92125030546987,"Rentel_340",c(2.92125030546987, 51.5948298178939)
"244",51.590717307252,2.92734057793754,"Rentel_341",c(2.92734057793754, 51.590717307252)
"245",51.5788214425387,2.94824768322938,"Rentel_342",c(2.94824768322938, 51.5788214425387)
"246",51.5747521397682,2.9550904865244,"Rentel_343",c(2.9550904865244, 51.5747521397682)
"247",51.6031087663252,2.92488433433518,"Rentel_344",c(2.92488433433518, 51.6031087663252)
"248",51.5985880577949,2.93366546972301,"Rentel_345",c(2.93366546972301, 51.5985880577949)
"249",51.5939930051051,2.94109083042205,"Rentel_346",c(2.94109083042205, 51.5939930051051)
"250",51.5890951381984,2.94924124631812,"Rentel_347",c(2.94924124631812, 51.5890951381984)
"251",51.584735720554,2.95682477227799,"Rentel_348",c(2.95682477227799, 51.584735720554)
"252",51.5803120563511,2.96469582451787,"Rentel_349",c(2.96469582451787, 51.5803120563511)
"253",51.6074644093779,2.93586468515541,"Rentel_350",c(2.93586468515541, 51.6074644093779)
"254",51.5984923841886,2.95148984121006,"Rentel_351",c(2.95148984121006, 51.5984923841886)
"255",51.5895728957311,2.96729515521701,"Rentel_352",c(2.96729515521701, 51.5895728957311)
"256",51.5852905374223,2.97529411927548,"Rentel_353",c(2.97529411927548, 51.5852905374223)
"257",51.6130665189521,2.94568538301263,"Rentel_354",c(2.94568538301263, 51.6130665189521)
"258",51.6095564699892,2.95271681847234,"Rentel_355",c(2.95271681847234, 51.6095564699892)
"259",51.597608174462,2.97351596281793,"Rentel_356",c(2.97351596281793, 51.597608174462)
"260",51.5927476726198,2.98030958010148,"Rentel_357",c(2.98030958010148, 51.5927476726198)
"261",51.5886887562626,2.98730995602464,"Rentel_358",c(2.98730995602464, 51.5886887562626)
"262",51.6180965602702,2.95524819996625,"Rentel_359",c(2.95524819996625, 51.6180965602702)
"263",51.614104685401,2.9616370866879,"Rentel_360",c(2.9616370866879, 51.614104685401)
"264",51.610885094366,2.96865396572179,"Rentel_361",c(2.96865396572179, 51.610885094366)
"265",51.6070450718151,2.97504130268553,"Rentel_362",c(2.97504130268553, 51.6070450718151)
"266",51.6031984960158,2.98143420657534,"Rentel_363",c(2.98143420657534, 51.6031984960158)
"267",51.598794893625,2.98692063928961,"Rentel_364",c(2.98692063928961, 51.598794893625)
"268",51.5953432649029,2.99445875364656,"Rentel_365",c(2.99445875364656, 51.5953432649029)
"269",51.5914168569081,3.00096847606201,"Rentel_366",c(3.00096847606201, 51.5914168569081)
"270",51.6183857455582,2.84264596694386,"Seastar_367",c(2.84264596694386, 51.6183857455582)
"271",51.6185888819588,2.853860390771,"Seastar_368",c(2.853860390771, 51.6185888819588)
"272",51.6162044325737,2.86351490529651,"Seastar_369",c(2.86351490529651, 51.6162044325737)
"273",51.6118666437857,2.85330733156648,"Seastar_370",c(2.85330733156648, 51.6118666437857)
"274",51.6081391930793,2.84134735216586,"Seastar_371",c(2.84134735216586, 51.6081391930793)
"275",51.621986927644,2.83522168630151,"Seastar_372",c(2.83522168630151, 51.621986927644)
"276",51.6254083404109,2.82791536890326,"Seastar_373",c(2.82791536890326, 51.6254083404109)
"277",51.6152010026683,2.81625973550465,"Seastar_374",c(2.81625973550465, 51.6152010026683)
"278",51.6121803749655,2.82316802288084,"Seastar_375",c(2.82316802288084, 51.6121803749655)
"279",51.6088364897882,2.83072456732056,"Seastar_376",c(2.83072456732056, 51.6088364897882)
"280",51.635510841233,2.84043850874342,"Seastar_377",c(2.84043850874342, 51.635510841233)
"281",51.6455207165639,2.85302878651834,"Seastar_378",c(2.85302878651834, 51.6455207165639)
"282",51.6549875035821,2.86595016205607,"Seastar_379",c(2.86595016205607, 51.6549875035821)
"283",51.6645671031463,2.87919167207808,"Seastar_380",c(2.87919167207808, 51.6645671031463)
"284",51.6608912434114,2.88532884485085,"Seastar_381",c(2.88532884485085, 51.6608912434114)
"285",51.6318450233102,2.84784428551969,"Seastar_382",c(2.84784428551969, 51.6318450233102)
"286",51.6417164895025,2.8599386188813,"Seastar_383",c(2.8599386188813, 51.6417164895025)
"287",51.6379582250323,2.86714382297823,"Seastar_384",c(2.86714382297823, 51.6379582250323)
"288",51.6475898836677,2.87916843733592,"Seastar_385",c(2.87916843733592, 51.6475898836677)
"289",51.6515640720291,2.87198666443466,"Seastar_386",c(2.87198666443466, 51.6515640720291)
"290",51.6282594802356,2.85532272581178,"Seastar_387",c(2.85532272581178, 51.6282594802356)
"291",51.6340901925907,2.8741092958933,"Seastar_388",c(2.8741092958933, 51.6340901925907)
"292",51.6434828101592,2.88588783297762,"Seastar_389",c(2.88588783297762, 51.6434828101592)
"293",51.6568659694826,2.89161533621299,"Seastar_390",c(2.89161533621299, 51.6568659694826)
"294",51.652916271839,2.89855549961367,"Seastar_391",c(2.89855549961367, 51.652916271839)
"295",51.6247030670755,2.86259245291795,"Seastar_392",c(2.86259245291795, 51.6247030670755)
"296",51.62256962363,2.87163187406029,"Seastar_393",c(2.87163187406029, 51.62256962363)
"297",51.630682389145,2.88179521003255,"Seastar_394",c(2.88179521003255, 51.630682389145)
"298",51.6395552226717,2.89334460154661,"Seastar_395",c(2.89334460154661, 51.6395552226717)
"299",51.6490060772148,2.90515254223359,"Seastar_396",c(2.90515254223359, 51.6490060772148)
"300",51.5249951686236,2.98155078409026,"Norther_397",c(2.98155078409026, 51.5249951686236)
"301",51.5261615558902,2.97084239894308,"Norther_398",c(2.97084239894308, 51.5261615558902)
"302",51.5169203591224,2.96814404804013,"Norther_399",c(2.96814404804013, 51.5169203591224)
"303",51.5139639815605,2.95181644966042,"Norther_400",c(2.95181644966042, 51.5139639815605)
"304",51.5105469304954,2.98526616190859,"Norther_401",c(2.98526616190859, 51.5105469304954)
"305",51.5062511384618,2.9565985696428,"Norther_402",c(2.9565985696428, 51.5062511384618)
"306",51.50795571608,2.94622154282718,"Norther_403",c(2.94622154282718, 51.50795571608)
"307",51.512624899104,2.93881276382257,"Norther_404",c(2.93881276382257, 51.512624899104)
"308",51.5016716620756,2.98532449139427,"Norther_405",c(2.98532449139427, 51.5016716620756)
"309",51.5020895589071,2.97416580866406,"Norther_406",c(2.97416580866406, 51.5020895589071)
"310",51.4956481163656,2.96917271639012,"Norther_407",c(2.96917271639012, 51.4956481163656)
"311",51.5002826187698,2.95810008323612,"Norther_408",c(2.95810008323612, 51.5002826187698)
"312",51.5039521616714,3.00649850464116,"Norther_409",c(3.00649850464116, 51.5039521616714)
"313",51.4988453677779,2.99720159310059,"Norther_410",c(2.99720159310059, 51.4988453677779)
"314",51.4940739763135,2.98437607628543,"Norther_411",c(2.98437607628543, 51.4940739763135)
"315",51.4904103229852,2.97352626657261,"Norther_412",c(2.97352626657261, 51.4904103229852)
"316",51.5112874212664,3.00080019490969,"Norther_413",c(3.00080019490969, 51.5112874212664)
"317",51.5053613389552,3.01782374767988,"Norther_414",c(3.01782374767988, 51.5053613389552)
"318",51.5098672610222,3.03119697705534,"Norther_415",c(3.03119697705534, 51.5098672610222)
"319",51.5169510188444,3.04503265213332,"Norther_416",c(3.04503265213332, 51.5169510188444)
"320",51.5142846235366,3.01897838722129,"Norther_417",c(3.01897838722129, 51.5142846235366)
"321",51.522089576567,3.04038949538327,"Norther_418",c(3.04038949538327, 51.522089576567)
"322",51.5357071968607,3.05909053757278,"Norther_419",c(3.05909053757278, 51.5357071968607)
"323",51.5303106295567,3.06295529472855,"Norther_420",c(3.06295529472855, 51.5303106295567)
"324",51.5276462636289,3.03125150693256,"Norther_421",c(3.03125150693256, 51.5276462636289)
"325",51.5429984724094,3.0669207503701,"Norther_422",c(3.0669207503701, 51.5429984724094)
"326",51.538166289313,3.07348567325615,"Norther_423",c(3.07348567325615, 51.538166289313)
"327",51.5444608600419,3.0793534661274,"Norther_424",c(3.0793534661274, 51.5444608600419)
"328",51.5204468840241,3.0069921920394,"Norther_425",c(3.0069921920394, 51.5204468840241)
"329",51.5429490648182,3.05129919948244,"Norther_426",c(3.05129919948244, 51.5429490648182)
"330",51.5507404884164,3.06593319961676,"Norther_427",c(3.06593319961676, 51.5507404884164)
"331",51.5565538951598,3.0585738898366,"Norther_428",c(3.0585738898366, 51.5565538951598)
"332",51.5335852107521,3.02513158934802,"Norther_429",c(3.02513158934802, 51.5335852107521)
"333",51.5509072702622,3.04886423132401,"Norther_430",c(3.04886423132401, 51.5509072702622)
"334",51.5562090890714,3.04292564632533,"Norther_431",c(3.04292564632533, 51.5562090890714)
"335",51.5624984917742,3.04884751240855,"Norther_432",c(3.04884751240855, 51.5624984917742)
"336",51.5333235077878,3.0107095938271,"Norther_433",c(3.0107095938271, 51.5333235077878)
"337",51.5413296806855,3.02321977529627,"Norther_434",c(3.02321977529627, 51.5413296806855)
"338",51.5665004424666,3.04019207561229,"Norther_435",c(3.04019207561229, 51.5665004424666)
"339",51.5715458773667,3.03373297282758,"Norther_436",c(3.03373297282758, 51.5715458773667)
"340",51.5185873464119,2.99214622875636,"Norther_437",c(2.99214622875636, 51.5185873464119)
"341",51.5382581333935,2.9968036730844,"Norther_438",c(2.9968036730844, 51.5382581333935)
"342",51.5452717394318,3.00693182343425,"Norther_439",c(3.00693182343425, 51.5452717394318)
"343",51.5479316156953,3.01931066994061,"Norther_440",c(3.01931066994061, 51.5479316156953)
"344",51.5208695673985,2.92813817912661,"C-Power_441",c(2.92813817912661, 51.5208695673985)
"345",51.525176809296,2.92096959230712,"C-Power_442",c(2.92096959230712, 51.525176809296)
"346",51.5294984298738,2.91377699184881,"C-Power_443",c(2.91377699184881, 51.5294984298738)
"347",51.5338135083717,2.90660452360149,"C-Power_444",c(2.90660452360149, 51.5338135083717)
"348",51.5381146410004,2.89941313809127,"C-Power_445",c(2.89941313809127, 51.5381146410004)
"349",51.5424155056472,2.89221607047388,"C-Power_446",c(2.89221607047388, 51.5424155056472)
"350",51.5467224259272,2.8850453185419,"C-Power_447",c(2.8850453185419, 51.5467224259272)
"351",51.5247350031553,2.93967477702461,"C-Power_448",c(2.93967477702461, 51.5247350031553)
"352",51.5289551367952,2.9319471853513,"C-Power_449",c(2.9319471853513, 51.5289551367952)
"353",51.5331741125798,2.92419509866989,"C-Power_450",c(2.92419509866989, 51.5331741125798)
"354",51.5373906047351,2.91645499299126,"C-Power_451",c(2.91645499299126, 51.5373906047351)
"355",51.541602540203,2.90871966415002,"C-Power_452",c(2.90871966415002, 51.541602540203)
"356",51.5458093544237,2.90095609410669,"C-Power_453",c(2.90095609410669, 51.5458093544237)
"357",51.5502178290693,2.89265079134262,"C-Power_454",c(2.89265079134262, 51.5502178290693)
"358",51.5296535565999,2.950321879845,"C-Power_455",c(2.950321879845, 51.5296535565999)
"359",51.5335733126343,2.94233804921475,"C-Power_456",c(2.94233804921475, 51.5335733126343)
"360",51.5374948518596,2.93433813719487,"C-Power_457",c(2.93433813719487, 51.5374948518596)
"361",51.5414311309676,2.92634115157603,"C-Power_458",c(2.92634115157603, 51.5414311309676)
"362",51.5453407809629,2.91833562254075,"C-Power_459",c(2.91833562254075, 51.5453407809629)
"363",51.5492777601762,2.91033587926642,"C-Power_460",c(2.91033587926642, 51.5492777601762)
"364",51.5538653123734,2.90066744620175,"C-Power_461",c(2.90066744620175, 51.5538653123734)
"365",51.5342809055323,2.96047585854213,"C-Power_462",c(2.96047585854213, 51.5342809055323)
"366",51.5540841836165,2.91562824961739,"C-Power_463",c(2.91562824961739, 51.5540841836165)
"367",51.5573740497352,2.90834336234258,"C-Power_464",c(2.90834336234258, 51.5573740497352)
"368",51.5448262706636,2.97849685659094,"C-Power_466",c(2.97849685659094, 51.5448262706636)
"369",51.5483301605376,2.97226400527221,"C-Power_467",c(2.97226400527221, 51.5483301605376)
"370",51.5518432527489,2.96604590886834,"C-Power_468",c(2.96604590886834, 51.5518432527489)
"371",51.5553610441572,2.95981430118684,"C-Power_469",c(2.95981430118684, 51.5553610441572)
"372",51.5588888402606,2.95357566301213,"C-Power_470",c(2.95357566301213, 51.5588888402606)
"373",51.5501648259837,2.98687212973928,"C-Power_471",c(2.98687212973928, 51.5501648259837)
"374",51.5548071479091,2.97864764890072,"C-Power_472",c(2.97864764890072, 51.5548071479091)
"375",51.5594484388656,2.97041759903727,"C-Power_473",c(2.97041759903727, 51.5594484388656)
"376",51.5640833952449,2.96218991651193,"C-Power_474",c(2.96218991651193, 51.5640833952449)
"377",51.5555143807151,2.9952973946106,"C-Power_475",c(2.9952973946106, 51.5555143807151)
"378",51.5602048404639,2.98695320625274,"C-Power_476",c(2.98695320625274, 51.5602048404639)
"379",51.5649118696162,2.97856227909813,"C-Power_477",c(2.97856227909813, 51.5649118696162)
"380",51.5696102092166,2.97020050157342,"C-Power_478",c(2.97020050157342, 51.5696102092166)
"381",51.5604156066085,3.00450285965674,"C-Power_479",c(3.00450285965674, 51.5604156066085)
"382",51.5651323401998,2.99607201049211,"C-Power_480",c(2.99607201049211, 51.5651323401998)
"383",51.5698505319173,2.987627730334,"C-Power_481",c(2.987627730334, 51.5698505319173)
"384",51.5745872685347,2.97921141924632,"C-Power_482",c(2.97921141924632, 51.5745872685347)
"385",51.563938462951,3.01616718450539,"C-Power_483",c(3.01616718450539, 51.563938462951)
"386",51.5675561283921,3.00968994274301,"C-Power_484",c(3.00968994274301, 51.5675561283921)
"387",51.571188449572,3.00319868772046,"C-Power_485",c(3.00319868772046, 51.571188449572)
"388",51.5748030557099,2.99670928675288,"C-Power_486",c(2.99670928675288, 51.5748030557099)
"389",51.5784260243141,2.9902286663229,"C-Power_487",c(2.9902286663229, 51.5784260243141)
"390",51.577341974293,3.0100190376212,"C-Power_488",c(3.0100190376212, 51.577341974293)
"391",51.5809644177785,3.00352482795787,"C-Power_489",c(3.00352482795787, 51.5809644177785)
"392",51.5375804137683,2.95300199122387,"C-Power_490",c(2.95300199122387, 51.5375804137683)
"393",51.5401716484749,2.94715494730942,"C-Power_491",c(2.94715494730942, 51.5401716484749)
"394",51.5427789449457,2.94128659763296,"C-Power_492",c(2.94128659763296, 51.5427789449457)
"395",51.545389359778,2.93541108310897,"C-Power_493",c(2.93541108310897, 51.545389359778)
"396",51.547984646867,2.92954025669933,"C-Power_494",c(2.92954025669933, 51.547984646867)
"397",51.5505897964809,2.92366571521333,"C-Power_495",c(2.92366571521333, 51.5505897964809)
"2971",51.7231447235566,2.95377818914602,"Borssele III_297",c(2.95377818914602, 51.7231447235566)
"2981",51.7114044360201,2.93873887326327,"Borssele III_298",c(2.93873887326327, 51.7114044360201)
"2991",51.6970968954303,2.92023994548089,"Borssele III_299",c(2.92023994548089, 51.6970968954303)
"3001",51.6802688078037,2.89994192017613,"Borssele III_300",c(2.89994192017613, 51.6802688078037)
"3011",51.6667826270287,2.90221443252982,"Borssele III_301",c(2.90221443252982, 51.6667826270287)
"3021",51.6830294560164,2.92040714133773,"Borssele III_302",c(2.92040714133773, 51.6830294560164)
"3031",51.6978322440287,2.94099835240205,"Borssele III_303",c(2.94099835240205, 51.6978322440287)
"3041",51.7109649697639,2.95856946455813,"Borssele III_304",c(2.95856946455813, 51.7109649697639)
"3051",51.7162719714995,2.98042230179974,"Borssele III_305",c(2.98042230179974, 51.7162719714995)
"3061",51.6997697374801,2.96139958866908,"Borssele III_306",c(2.96139958866908, 51.6997697374801)
"3071",51.6855586693037,2.94412870800747,"Borssele III_307",c(2.94412870800747, 51.6855586693037)
"3081",51.6682362687229,2.9233989343455,"Borssele III_308",c(2.9233989343455, 51.6682362687229)
"3091",51.6513336488393,2.92595421925513,"Borssele III_309",c(2.92595421925513, 51.6513336488393)
"3101",51.6699594797997,2.94783444214313,"Borssele III_310",c(2.94783444214313, 51.6699594797997)
"3111",51.6875915407242,2.96958181530934,"Borssele III_311",c(2.96958181530934, 51.6875915407242)
"3121",51.7008546550725,2.98592534444154,"Borssele III_312",c(2.98592534444154, 51.7008546550725)
"3131",51.694380956742,3.00791946314903,"Borssele III_313",c(3.00791946314903, 51.694380956742)
"3141",51.7013918761965,3.03332311802909,"Borssele III_314",c(3.03332311802909, 51.7013918761965)
"3151",51.6891194810762,3.02889313437088,"Borssele III_315",c(3.02889313437088, 51.6891194810762)
"3161",51.6763484201235,3.02440019749405,"Borssele III_316",c(3.02440019749405, 51.6763484201235)
"3171",51.6624617039433,3.02129163287809,"Borssele III_317",c(3.02129163287809, 51.6624617039433)
"3181",51.6498293300439,3.01723150592918,"Borssele III_318",c(3.01723150592918, 51.6498293300439)
"3191",51.6382308643339,3.01427013811524,"Borssele III_319",c(3.01427013811524, 51.6382308643339)
"3201",51.6254619435686,3.0094978493358,"Borssele III_320",c(3.0094978493358, 51.6254619435686)
"3211",51.6139091068029,3.00776131383938,"Borssele III_321",c(3.00776131383938, 51.6139091068029)
"3221",51.6024462564183,3.00710859499554,"Borssele III_322",c(3.00710859499554, 51.6024462564183)
"3231",51.6151210998764,2.98732425071936,"Borssele III_323",c(2.98732425071936, 51.6151210998764)
"3241",51.6273915022591,2.96637544119104,"Borssele III_324",c(2.96637544119104, 51.6273915022591)
"3251",51.639522779731,2.94750709143839,"Borssele III_325",c(2.94750709143839, 51.639522779731)
"3261",51.6552608911166,2.95420808962766,"Borssele III_326",c(2.95420808962766, 51.6552608911166)
"3271",51.6698340798869,2.97726017373728,"Borssele III_327",c(2.97726017373728, 51.6698340798869)
"3281",51.6826952146857,2.99497301341419,"Borssele III_328",c(2.99497301341419, 51.6826952146857)
"3291",51.6685930788861,3.00313536003221,"Borssele III_329",c(3.00313536003221, 51.6685930788861)
"3301",51.6546400571638,2.99208703119517,"Borssele III_330",c(2.99208703119517, 51.6546400571638)
"3311",51.7196903319471,2.96717314338514,"Borssele III_331",c(2.96717314338514, 51.7196903319471)
"3321",51.6452413022925,2.96838270735177,"Borssele III_332",c(2.96838270735177, 51.6452413022925)
"3331",51.6335117517975,2.98811670083197,"Borssele III_333",c(2.98811670083197, 51.6335117517975)
"3341",51.7650863398847,2.88842213392673,"Borssele IV_334",c(2.88842213392673, 51.7650863398847)
"3351",51.7677169968848,2.90474918357322,"Borssele IV_335",c(2.90474918357322, 51.7677169968848)
"3361",51.7720895313336,2.92437762150223,"Borssele IV_336",c(2.92437762150223, 51.7720895313336)
"3371",51.776190048064,2.94328416508341,"Borssele IV_337",c(2.94328416508341, 51.776190048064)
"3381",51.7789849624422,2.96031374187488,"Borssele IV_338",c(2.96031374187488, 51.7789849624422)
"3391",51.7829035888604,2.98046595725634,"Borssele IV_339",c(2.98046595725634, 51.7829035888604)
"3401",51.7864554753328,2.99706031250402,"Borssele IV_340",c(2.99706031250402, 51.7864554753328)
"3411",51.7721533008803,2.97735125668592,"Borssele IV_341",c(2.97735125668592, 51.7721533008803)
"3421",51.761722209466,2.96402853953849,"Borssele IV_342",c(2.96402853953849, 51.761722209466)
"3431",51.7497577811783,2.94933703378476,"Borssele IV_343",c(2.94933703378476, 51.7497577811783)
"3441",51.7601189975052,2.90933434508103,"Borssele IV_344",c(2.90933434508103, 51.7601189975052)
"3451",51.760675424818,2.93236889816487,"Borssele IV_345",c(2.93236889816487, 51.760675424818)
"3461",51.7427664918766,2.77467166247719,"Borssele IV_346",c(2.77467166247719, 51.7427664918766)
"3471",51.7457662454793,2.79370114477971,"Borssele IV_347",c(2.79370114477971, 51.7457662454793)
"3481",51.749801509161,2.81403491107612,"Borssele IV_348",c(2.81403491107612, 51.749801509161)
"3491",51.7539660870403,2.83248949315301,"Borssele IV_349",c(2.83248949315301, 51.7539660870403)
"3501",51.7577268828654,2.85319378086839,"Borssele IV_350",c(2.85319378086839, 51.7577268828654)
"3511",51.7526616974569,2.86733515515603,"Borssele IV_351",c(2.86733515515603, 51.7526616974569)
"3521",51.7488586368666,2.88364130839589,"Borssele IV_352",c(2.88364130839589, 51.7488586368666)
"3531",51.7441127348848,2.90328669026302,"Borssele IV_353",c(2.90328669026302, 51.7441127348848)
"3541",51.7399914211606,2.92349432486407,"Borssele IV_354",c(2.92349432486407, 51.7399914211606)
"3551",51.7344298418211,2.88686447532134,"Borssele IV_355",c(2.88686447532134, 51.7344298418211)
"3561",51.7295852867911,2.85596322698162,"Borssele IV_356",c(2.85596322698162, 51.7295852867911)
"3571",51.7331302923541,2.79079189380078,"Borssele IV_357",c(2.79079189380078, 51.7331302923541)
"3581",51.7389244763033,2.81465987550868,"Borssele IV_358",c(2.81465987550868, 51.7389244763033)
"3591",51.7220535918637,2.80871740954819,"Borssele IV_359",c(2.80871740954819, 51.7220535918637)
"3601",51.7429173695005,2.83940983273359,"Borssele IV_360",c(2.83940983273359, 51.7429173695005)
"3611",51.7260933884741,2.83230020883712,"Borssele IV_361",c(2.83230020883712, 51.7260933884741)
"3621",51.7131731470914,2.82366607043495,"Borssele IV_362",c(2.82366607043495, 51.7131731470914)
"3631",51.7170386641376,2.85231199533212,"Borssele IV_363",c(2.85231199533212, 51.7170386641376)
"3641",51.7218404671392,2.88255352884866,"Borssele IV_364",c(2.88255352884866, 51.7218404671392)
"3651",51.7263586693426,2.91200902416526,"Borssele IV_365",c(2.91200902416526, 51.7263586693426)
"3661",51.7311417081411,2.94139576266261,"Borssele IV_366",c(2.94139576266261, 51.7311417081411)
"3671",51.7115268403251,2.91558139773053,"Borssele IV_367",c(2.91558139773053, 51.7115268403251)
"3681",51.697032828994,2.89766861685785,"Borssele IV_368",c(2.89766861685785, 51.697032828994)
"3691",51.6815049991707,2.87766764743493,"Borssele IV_369",c(2.87766764743493, 51.6815049991707)
"3701",51.6921826558189,2.85991615781019,"Borssele IV_370",c(2.85991615781019, 51.6921826558189)
"3711",51.7029062893538,2.84006002874781,"Borssele IV_371",c(2.84006002874781, 51.7029062893538)
"3721",51.7036173775406,2.87029921697247,"Borssele IV_372",c(2.87029921697247, 51.7036173775406)
"3731",51.7110129527311,2.89322134700642,"Borssele IV_373",c(2.89322134700642, 51.7110129527311)
"3741",51.7076899770449,3.01009497050048,"Borssele V_374",c(3.01009497050048, 51.7076899770449)
"3751",51.71150840738,2.99764513355052,"Borssele V_375",c(2.99764513355052, 51.71150840738)
"3761",51.7167622494979,3.05630455081456,"Borssele I_376",c(3.05630455081456, 51.7167622494979)
"3771",51.7218441945686,3.03713181224778,"Borssele I_377",c(3.03713181224778, 51.7218441945686)
"3781",51.7281506072967,3.01739880432193,"Borssele I_378",c(3.01739880432193, 51.7281506072967)
"3791",51.742007439246,3.00999307847477,"Borssele I_379",c(3.00999307847477, 51.742007439246)
"3801",51.7347593867222,2.99436469514536,"Borssele I_380",c(2.99436469514536, 51.7347593867222)
"3811",51.7399165928659,2.97501572673035,"Borssele I_381",c(2.97501572673035, 51.7399165928659)
"3821",51.7499371676293,2.98831605191816,"Borssele I_382",c(2.98831605191816, 51.7499371676293)
"3831",51.7593397671239,2.99911978121209,"Borssele I_383",c(2.99911978121209, 51.7593397671239)
"3841",51.7331935206883,3.03629150618419,"Borssele I_384",c(3.03629150618419, 51.7331935206883)
"3851",51.7438320841253,3.03607070426595,"Borssele I_385",c(3.03607070426595, 51.7438320841253)
"3861",51.7537324298104,3.0179912774157,"Borssele I_386",c(3.0179912774157, 51.7537324298104)
"3871",51.7636813511162,3.03186535097066,"Borssele I_387",c(3.03186535097066, 51.7636813511162)
"3881",51.7692968418261,3.0115764433119,"Borssele I_388",c(3.0115764433119, 51.7692968418261)
"3891",51.778395174011,3.02288474583644,"Borssele I_389",c(3.02288474583644, 51.778395174011)
"3901",51.786738150813,3.03360708561735,"Borssele I_390",c(3.03360708561735, 51.786738150813)
"3911",51.7758855855452,3.04004391009641,"Borssele I_391",c(3.04004391009641, 51.7758855855452)
"3921",51.7295697734712,3.05956584033285,"Borssele I_392",c(3.05956584033285, 51.7295697734712)
"3931",51.7427415415681,3.06362396824903,"Borssele I_393",c(3.06362396824903, 51.7427415415681)
"3941",51.7522900185036,3.04875730634879,"Borssele I_394",c(3.04875730634879, 51.7522900185036)
"3951",51.7656819331367,3.05285833634117,"Borssele I_395",c(3.05285833634117, 51.7656819331367)
"3961",51.7798125885467,3.05719416261358,"Borssele I_396",c(3.05719416261358, 51.7798125885467)
"3971",51.7905332749593,3.06047649615291,"Borssele I_397",c(3.06047649615291, 51.7905332749593)
"398",51.7996868432158,3.0628507368942,"Borssele I_398",c(3.0628507368942, 51.7996868432158)
"399",51.7962152488886,3.04513525712586,"Borssele I_399",c(3.04513525712586, 51.7962152488886)
"400",51.7371238931068,3.08053136532746,"Borssele I_400",c(3.08053136532746, 51.7371238931068)
"401",51.7471868343801,3.09308141137641,"Borssele I_401",c(3.09308141137641, 51.7471868343801)
"402",51.758881938854,3.08790249263024,"Borssele I_402",c(3.08790249263024, 51.758881938854)
"403",51.7549122140954,3.07002446991554,"Borssele I_403",c(3.07002446991554, 51.7549122140954)
"404",51.77050474707,3.07348267501828,"Borssele I_404",c(3.07348267501828, 51.77050474707)
"405",51.7772507497383,3.08780289967073,"Borssele I_405",c(3.08780289967073, 51.7772507497383)
"406",51.7864177745235,3.07703871651041,"Borssele I_406",c(3.07703871651041, 51.7864177745235)
"407",51.7119992631702,3.07057210629577,"Borssele I_407",c(3.07057210629577, 51.7119992631702)
"408",51.7236344197044,3.08139831648259,"Borssele I_408",c(3.08139831648259, 51.7236344197044)
"409",51.731617081829,3.09838330074732,"Borssele I_409",c(3.09838330074732, 51.731617081829)
"410",51.7331961938972,3.11679681958615,"Borssele I_410",c(3.11679681958615, 51.7331961938972)
"411",51.7418284154746,3.11428877376663,"Borssele I_411",c(3.11428877376663, 51.7418284154746)
"412",51.7502802031694,3.11180621530733,"Borssele I_412",c(3.11180621530733, 51.7502802031694)
"413",51.7591486619598,3.10794553962966,"Borssele I_413",c(3.10794553962966, 51.7591486619598)
"414",51.7670963913347,3.09960094419667,"Borssele I_414",c(3.09960094419667, 51.7670963913347)
"415",51.7080113361361,3.08569405235019,"Borssele I_415",c(3.08569405235019, 51.7080113361361)
"416",51.7176576140561,3.10128653754187,"Borssele I_416",c(3.10128653754187, 51.7176576140561)
"417",51.7235945691483,3.11958378904436,"Borssele I_417",c(3.11958378904436, 51.7235945691483)
"418",51.7144517464139,3.12223771109749,"Borssele I_418",c(3.12223771109749, 51.7144517464139)
"419",51.7055935639352,3.12479946864697,"Borssele I_419",c(3.12479946864697, 51.7055935639352)
"420",51.7035499048045,3.09954932019623,"Borssele I_420",c(3.09954932019623, 51.7035499048045)
"421",51.6996727654213,3.11291327314477,"Borssele I_421",c(3.11291327314477, 51.6996727654213)
"422",51.6953804321759,3.12753735464887,"Borssele I_422",c(3.12753735464887, 51.6953804321759)
"423",51.690585797747,3.06477179251935,"Borssele II_423",c(3.06477179251935, 51.690585797747)
"424",51.6857815958964,3.08062996944448,"Borssele II_424",c(3.08062996944448, 51.6857815958964)
"425",51.6815155056862,3.09588816260515,"Borssele II_425",c(3.09588816260515, 51.6815155056862)
"426",51.6767422586579,3.11075444898213,"Borssele II_426",c(3.11075444898213, 51.6767422586579)
"427",51.6714213459714,3.12081791308839,"Borssele II_427",c(3.12081791308839, 51.6714213459714)
"428",51.6616657316526,3.11820457075333,"Borssele II_428",c(3.11820457075333, 51.6616657316526)
"429",51.6686665484878,3.10008153674541,"Borssele II_429",c(3.10008153674541, 51.6686665484878)
"430",51.6714062232547,3.08186660485611,"Borssele II_430",c(3.08186660485611, 51.6714062232547)
"431",51.6578884765313,3.0995217290517,"Borssele II_431",c(3.0995217290517, 51.6578884765313)
"432",51.6516609284738,3.11527926941042,"Borssele II_432",c(3.11527926941042, 51.6516609284738)
"433",51.6417351717206,3.11237574460753,"Borssele II_433",c(3.11237574460753, 51.6417351717206)
"434",51.6316662346084,3.10943563853919,"Borssele II_434",c(3.10943563853919, 51.6316662346084)
"435",51.6215448715862,3.10646590355826,"Borssele II_435",c(3.10646590355826, 51.6215448715862)
"436",51.6121523736413,3.10373467169149,"Borssele II_436",c(3.10373467169149, 51.6121523736413)
"437",51.6023436059169,3.10050306248992,"Borssele II_437",c(3.10050306248992, 51.6023436059169)
"438",51.6576224699847,3.07999753619763,"Borssele II_438",c(3.07999753619763, 51.6576224699847)
"439",51.6470152385602,3.09543534700886,"Borssele II_439",c(3.09543534700886, 51.6470152385602)
"440",51.635658966962,3.09201366259094,"Borssele II_440",c(3.09201366259094, 51.635658966962)
"441",51.6254536327402,3.09063756686688,"Borssele II_441",c(3.09063756686688, 51.6254536327402)
"442",51.6131349213013,3.0851503345677,"Borssele II_442",c(3.0851503345677, 51.6131349213013)
"443",51.6020757105866,3.08359055281358,"Borssele II_443",c(3.08359055281358, 51.6020757105866)
"444",51.5926188001555,3.08710287728151,"Borssele II_444",c(3.08710287728151, 51.5926188001555)
"445",51.58389162302,3.07509976510022,"Borssele II_445",c(3.07509976510022, 51.58389162302)
"446",51.677567504664,3.06482368208738,"Borssele II_446",c(3.06482368208738, 51.677567504664)
"447",51.6444770639763,3.07544888680267,"Borssele II_447",c(3.07544888680267, 51.6444770639763)
"448",51.6316394202003,3.07152823780817,"Borssele II_448",c(3.07152823780817, 51.6316394202003)
"449",51.619656883955,3.06772887039217,"Borssele II_449",c(3.06772887039217, 51.619656883955)
"450",51.6062550896769,3.0655184533717,"Borssele II_450",c(3.0655184533717, 51.6062550896769)
"451",51.594418676088,3.06761345781249,"Borssele II_451",c(3.06761345781249, 51.594418676088)
"452",51.5844867039052,3.05480652731042,"Borssele II_452",c(3.05480652731042, 51.5844867039052)
"453",51.5749988038655,3.06287879775912,"Borssele II_453",c(3.06287879775912, 51.5749988038655)
"454",51.6649603651029,3.06265166928019,"Borssele II_454",c(3.06265166928019, 51.6649603651029)
"455",51.6513618713014,3.05881895358278,"Borssele II_455",c(3.05881895358278, 51.6513618713014)
"456",51.6389337622411,3.05459420676467,"Borssele II_456",c(3.05459420676467, 51.6389337622411)
"457",51.625834451804,3.05022981482363,"Borssele II_457",c(3.05022981482363, 51.625834451804)
"458",51.6125242897786,3.04762454391184,"Borssele II_458",c(3.04762454391184, 51.6125242897786)
"459",51.5980888767425,3.04707640808505,"Borssele II_459",c(3.04707640808505, 51.5980888767425)
"460",51.5849703223552,3.0367321343853,"Borssele II_460",c(3.0367321343853, 51.5849703223552)
"461",51.5941303724522,3.02622025494054,"Borssele II_461",c(3.02622025494054, 51.5941303724522)
"462",51.6958112851059,3.04932842379867,"Borssele II_462",c(3.04932842379867, 51.6958112851059)
"463",51.6838501994086,3.04693027168621,"Borssele II_463",c(3.04693027168621, 51.6838501994086)
"464",51.6712205946981,3.04462354359915,"Borssele II_464",c(3.04462354359915, 51.6712205946981)
"465",51.6592078026467,3.04142115507362,"Borssele II_465",c(3.04142115507362, 51.6592078026467)
"466",51.6464075780535,3.03726638262153,"Borssele II_466",c(3.03726638262153, 51.6464075780535)
"467",51.6351208068147,3.03364009945475,"Borssele II_467",c(3.03364009945475, 51.6351208068147)
"468",51.6205708040268,3.02984021440803,"Borssele II_468",c(3.02984021440803, 51.6205708040268)
"469",51.6070203134203,3.02923031996122,"Borssele II_469",c(3.02923031996122, 51.6070203134203)
