"","OBJECTID","code","concession","lat","lon","geometry"
"1",1,"L1","Belwind",51.6883122561635,2.83644426001133,c(2.83644426001133, 51.6883122561635)
"2",2,"F5","Belwind",51.7026944453955,2.80897222282798,c(2.80897222282798, 51.7026944453955)
"3",3,"F4","Belwind",51.7001111114901,2.81394444386693,c(2.81394444386693, 51.7001111114901)
"4",4,"F3","Belwind",51.6975277778544,2.81897222264361,c(2.81897222264361, 51.6975277778544)
"5",5,"F2","Belwind",51.6949166665459,2.82397222251674,c(2.82397222251674, 51.6949166665459)
"6",6,"F1","Belwind",51.6923333337809,2.82894444383489,c(2.82894444383489, 51.6923333337809)
"7",7,"E10","Belwind",51.6354444438834,2.79497222262697,c(2.79497222262697, 51.6354444438834)
"8",8,"E9","Belwind",51.6411388888964,2.79836111119188,c(2.79836111119188, 51.6411388888964)
"9",9,"E8","Belwind",51.6468333334276,2.8017499996998,c(2.8017499996998, 51.6468333334276)
"10",10,"E7","Belwind",51.6525277777179,2.80516666623221,c(2.80516666623221, 51.6525277777179)
"11",11,"E6","Belwind",51.658194444894,2.80855555546638,c(2.80855555546638, 51.658194444894)
"12",12,"E5","Belwind",51.6638888890833,2.81194444439458,c(2.81194444439458, 51.6638888890833)
"13",13,"E4","Belwind",51.6695833324515,2.81536111052027,c(2.81536111052027, 51.6695833324515)
"14",14,"E3","Belwind",51.675277776792,2.81874999940963,c(2.81874999940963, 51.675277776792)
"15",15,"E2","Belwind",51.680944444317,2.82213888921051,c(2.82213888921051, 51.680944444317)
"16",16,"E1","Belwind",51.6866388886841,2.82555555586055,c(2.82555555586055, 51.6866388886841)
"17",17,"D10","Belwind",51.6380277779223,2.78997222212167,c(2.78997222212167, 51.6380277779223)
"18",18,"D9","Belwind",51.6437222223445,2.79338888821904,c(2.79338888821904, 51.6437222223445)
"19",19,"D8","Belwind",51.6494166669516,2.79677777788409,c(2.79677777788409, 51.6494166669516)
"20",20,"D7","Belwind",51.6551111110766,2.80016666612836,c(2.80016666612836, 51.6551111110766)
"21",21,"D6","Belwind",51.6608055556372,2.80355555594276,c(2.80355555594276, 51.6608055556372)
"22",22,"D5","Belwind",51.6664722223532,2.80694444404072,c(2.80694444404072, 51.6664722223532)
"23",23,"D4","Belwind",51.6721667082379,2.81036113518743,c(2.81036113518743, 51.6721667082379)
"24",24,"D3","Belwind",51.6778611111014,2.81375000012217,c(2.81375000012217, 51.6778611111014)
"25",25,"D2","Belwind",51.683555555027,2.81716666671881,c(2.81716666671881, 51.683555555027)
"26",26,"D1","Belwind",51.6892222221958,2.82055555483391,c(2.82055555483391, 51.6892222221958)
"27",27,"C10","Belwind",51.6408334245184,2.78513894298234,c(2.78513894298234, 51.6408334245184)
"28",28,"C9","Belwind",51.6463055561083,2.78838888878255,c(2.78838888878255, 51.6463055561083)
"29",29,"C8","Belwind",51.6519999997974,2.79177777754365,c(2.79177777754365, 51.6519999997974)
"30",30,"C7","Belwind",51.6576944447941,2.79516666629835,c(2.79516666629835, 51.6576944447941)
"31",31,"C6","Belwind",51.6633888884143,2.79855555516287,c(2.79855555516287, 51.6633888884143)
"32",32,"C5","Belwind",51.6690833334465,2.80197222221112,c(2.80197222221112, 51.6690833334465)
"33",33,"C4","Belwind",51.6747500006958,2.80536111121315,c(2.80536111121315, 51.6747500006958)
"34",34,"C3","Belwind",51.680444444887,2.80875000098303,c(2.80875000098303, 51.680444444887)
"35",35,"C2","Belwind",51.6861388886502,2.81213888838171,c(2.81213888838171, 51.6861388886502)
"36",36,"C1","Belwind",51.6918319412079,2.81555595300556,c(2.81555595300556, 51.6918319412079)
"37",37,"B10","Belwind",51.6436461483891,2.78025103776668,c(2.78025103776668, 51.6436461483891)
"38",38,"B9","Belwind",51.6489166668404,2.78333333289603,c(2.78333333289603, 51.6489166668404)
"39",39,"B8","Belwind",51.65458347613,2.7867778620858,c(2.7867778620858, 51.65458347613)
"40",40,"B7","Belwind",51.6602777770856,2.79016666671048,c(2.79016666671048, 51.6602777770856)
"41",41,"B6","Belwind",51.6659722224695,2.79355555602635,c(2.79355555602635, 51.6659722224695)
"42",42,"B5","Belwind",51.6716791940584,2.79697967723932,c(2.79697967723932, 51.6716791940584)
"43",43,"B4","Belwind",51.6773861581624,2.80037601630238,c(2.80037601630238, 51.6773861581624)
"44",44,"B3","Belwind",51.6830555554709,2.80375000047422,c(2.80375000047422, 51.6830555554709)
"45",45,"B2","Belwind",51.6887499997655,2.80716666585298,c(2.80716666585298, 51.6887499997655)
"46",46,"B1","Belwind",51.6944064664675,2.81056033513978,c(2.81056033513978, 51.6944064664675)
"47",47,"A10","Belwind",51.645805556247,2.7750000006923,c(2.7750000006923, 51.645805556247)
"48",48,"A9","Belwind",51.6515000004101,2.77838888830248,c(2.77838888830248, 51.6515000004101)
"49",49,"A8","Belwind",51.6571944440493,2.78177777721084,c(2.78177777721084, 51.6571944440493)
"50",50,"A7","Belwind",51.6628959113059,2.78519861006195,c(2.78519861006195, 51.6628959113059)
"51",51,"A4","Belwind",51.6799444451092,2.79536111164556,c(2.79536111164556, 51.6799444451092)
"52",52,"A3","Belwind",51.6857011320036,2.79881481704951,c(2.79881481704951, 51.6857011320036)
"53",53,"A2","Belwind",51.6913333336393,2.80216666718769,c(2.80216666718769, 51.6913333336393)
"54",54,"A1","Belwind",51.6969999996384,2.80555555603028,c(2.80555555603028, 51.6969999996384)
"55",109,"MA1","Mermaid",51.7043748426049,2.72432038905997,c(2.72432038905997, 51.7043748426049)
"56",110,"MA2","Mermaid",51.6986595176047,2.72876082643849,c(2.72876082643849, 51.6986595176047)
"57",111,"MA3","Mermaid",51.6932796355842,2.71801744125759,c(2.71801744125759, 51.6932796355842)
"58",112,"MA4","Mermaid",51.6975198561076,2.71408685072294,c(2.71408685072294, 51.6975198561076)
"59",113,"MB1","Mermaid",51.7097959193651,2.71914077867181,c(2.71914077867181, 51.7097959193651)
"60",114,"MB2","Mermaid",51.7134699009869,2.70886845331366,c(2.70886845331366, 51.7134699009869)
"61",115,"MB3","Mermaid",51.7059614504534,2.70627696777199,c(2.70627696777199, 51.7059614504534)
"62",116,"MB4","Mermaid",51.7017341145026,2.71018347295549,c(2.71018347295549, 51.7017341145026)
"63",117,"MC1","Mermaid",51.7204052378818,2.71115768167836,c(2.71115768167836, 51.7204052378818)
"64",118,"MC2","Mermaid",51.727893958005,2.71363783562054,c(2.71363783562054, 51.727893958005)
"65",119,"MC3","Mermaid",51.7324839312573,2.72147545815537,c(2.72147545815537, 51.7324839312573)
"66",120,"MC4","Mermaid",51.7358263193091,2.7389935725313,c(2.7389935725313, 51.7358263193091)
"67",121,"MC5","Mermaid",51.7386481460221,2.7536434707968,c(2.7536434707968, 51.7386481460221)
"68",122,"MD1","Mermaid",51.7185615462942,2.72299556751232,c(2.72299556751232, 51.7185615462942)
"69",123,"MD2","Mermaid",51.7261633271013,2.72920391928389,c(2.72920391928389, 51.7261633271013)
"70",124,"MD3","Mermaid",51.7215841930918,2.7383363920062,c(2.7383363920062, 51.7215841930918)
"71",125,"MD4","Mermaid",51.7296285602101,2.74860672980398,c(2.74860672980398, 51.7296285602101)
"72",126,"MD5","Mermaid",51.7357329012421,2.76013513250675,c(2.76013513250675, 51.7357329012421)
"73",127,"ME1","Mermaid",51.7114534112515,2.7317683628872,c(2.7317683628872, 51.7114534112515)
"74",128,"ME2","Mermaid",51.7165668452158,2.74710192906536,c(2.74710192906536, 51.7165668452158)
"75",129,"ME3","Mermaid",51.7231721975129,2.75807458239046,c(2.75807458239046, 51.7231721975129)
"76",130,"ME4","Mermaid",51.731749461227,2.76688920580367,c(2.76688920580367, 51.731749461227)
"77",131,"ME5","Mermaid",51.7275284083613,2.77404824903336,c(2.77404824903336, 51.7275284083613)
"78",132,"MF1","Mermaid",51.7044325253554,2.7407331235719,c(2.7407331235719, 51.7044325253554)
"79",133,"MF2","Mermaid",51.709023084196,2.7502739099638,c(2.7502739099638, 51.709023084196)
"80",134,"MF3","Mermaid",51.7131314760319,2.7641268510949,c(2.7641268510949, 51.7131314760319)
"81",135,"MF4","Mermaid",51.7155657148039,2.78040796451714,c(2.78040796451714, 51.7155657148039)
"82",136,"MF5","Mermaid",51.7231927838944,2.78099673189653,c(2.78099673189653, 51.7231927838944)
"83",137,"J10","Nobelwind",51.6788333331424,2.83908583295356,c(2.83908583295356, 51.6788333331424)
"84",138,"J09","Nobelwind",51.6757222224394,2.84354222202351,c(2.84354222202351, 51.6757222224394)
"85",139,"J08","Nobelwind",51.672550000359,2.84802611166976,c(2.84802611166976, 51.672550000359)
"86",140,"J07","Nobelwind",51.6700444446653,2.85505611047711,c(2.85505611047711, 51.6700444446653)
"87",141,"J06","Nobelwind",51.6671916665938,2.859841666987,c(2.859841666987, 51.6671916665938)
"88",142,"J05","Nobelwind",51.6722333335096,2.86619583317654,c(2.86619583317654, 51.6722333335096)
"89",143,"J04","Nobelwind",51.6751305554717,2.86138722210435,c(2.86138722210435, 51.6751305554717)
"90",144,"J03","Nobelwind",51.6784305553541,2.8555361105218,c(2.8555361105218, 51.6784305553541)
"91",145,"J02","Nobelwind",51.6810666665309,2.85147111064164,c(2.85147111064164, 51.6810666665309)
"92",146,"J01","Nobelwind",51.6839916665422,2.84663777806909,c(2.84663777806909, 51.6839916665422)
"93",147,"I10","Nobelwind",51.6317916669147,2.81394083404768,c(2.81394083404768, 51.6317916669147)
"94",148,"I09","Nobelwind",51.636566666713,2.82097166731026,c(2.82097166731026, 51.636566666713)
"95",149,"I08","Nobelwind",51.64246666656,2.82494083293604,c(2.82494083293604, 51.64246666656)
"96",150,"I07","Nobelwind",51.646758333591,2.83386416629971,c(2.83386416629971, 51.646758333591)
"97",151,"I06","Nobelwind",51.6519472219533,2.84043416679844,c(2.84043416679844, 51.6519472219533)
"98",152,"I05","Nobelwind",51.65700277795,2.84688444481696,c(2.84688444481696, 51.65700277795)
"99",153,"I04","Nobelwind",51.6620472222318,2.85334305578834,c(2.85334305578834, 51.6620472222318)
"100",154,"I03","Nobelwind",51.6649444444481,2.84850444447896,c(2.84850444447896, 51.6649444444481)
"101",155,"I02","Nobelwind",51.6691277778038,2.84009166716764,c(2.84009166716764, 51.6691277778038)
"102",156,"I01","Nobelwind",51.6822305558617,2.83385000010301,c(2.83385000010301, 51.6822305558617)
"103",157,"H10","Nobelwind",51.6263638892681,2.80796583306032,c(2.80796583306032, 51.6263638892681)
"104",158,"H09","Nobelwind",51.6297222218011,2.80453250044562,c(2.80453250044562, 51.6297222218011)
"105",159,"H08","Nobelwind",51.6343555557008,2.80963277824329,c(2.80963277824329, 51.6343555557008)
"106",160,"H07","Nobelwind",51.6394611110232,2.81615666598313,c(2.81615666598313, 51.6394611110232)
"107",161,"H06","Nobelwind",51.6454777780745,2.82023305518371,c(2.82023305518371, 51.6454777780745)
"108",162,"H05","Nobelwind",51.6496055556096,2.82583194415492,c(2.82583194415492, 51.6496055556096)
"109",163,"H04","Nobelwind",51.6545111111591,2.82987777746876,c(2.82987777746876, 51.6545111111591)
"110",164,"H03","Nobelwind",51.6593861110329,2.83401916705775,c(2.83401916705775, 51.6593861110329)
"111",165,"H02","Nobelwind",51.6673194448487,2.83209166653311,c(2.83209166653311, 51.6673194448487)
"112",166,"H01","Nobelwind",51.6766416670042,2.83061861170878,c(2.83061861170878, 51.6766416670042)
"113",167,"G10","Nobelwind",51.6213083332611,2.80155666660717,c(2.80155666660717, 51.6213083332611)
"114",168,"G09","Nobelwind",51.6250861112467,2.79945333371762,c(2.79945333371762, 51.6250861112467)
"115",169,"G08","Nobelwind",51.6300222218911,2.79656138824445,c(2.79656138824445, 51.6300222218911)
"116",170,"G07","Nobelwind",51.637480555944,2.80555444429102,c(2.80555444429102, 51.637480555944)
"117",171,"G06","Nobelwind",51.6427777776654,2.81062166711613,c(2.81062166711613, 51.6427777776654)
"118",172,"G05","Nobelwind",51.6484250000846,2.81384361114198,c(2.81384361114198, 51.6484250000846)
"119",173,"G04","Nobelwind",51.6539027777698,2.8169986117655,c(2.8169986117655, 51.6539027777698)
"120",174,"G03","Nobelwind",51.6594611113304,2.82044138876409,c(2.82044138876409, 51.6594611113304)
"121",175,"G02","Nobelwind",51.665036110738,2.82390083354057,c(2.82390083354057, 51.665036110738)
"122",176,"G01","Nobelwind",51.6709111109669,2.82715611052557,c(2.82715611052557, 51.6709111109669)
"123",177,"K10","Nobelwind",51.6489750003747,2.76753666731131,c(2.76753666731131, 51.6489750003747)
"124",178,"K09","Nobelwind",51.6529527780843,2.76635861104768,c(2.76635861104768, 51.6529527780843)
"125",179,"K08","Nobelwind",51.6582694440514,2.76955111155651,c(2.76955111155651, 51.6582694440514)
"126",180,"K07","Nobelwind",51.6635944442891,2.77267277805226,c(2.77267277805226, 51.6635944442891)
"127",181,"K06","Nobelwind",51.6743083336974,2.77907083404641,c(2.77907083404641, 51.6743083336974)
"128",182,"K05","Nobelwind",51.6847972218232,2.78530194458436,c(2.78530194458436, 51.6847972218232)
"129",183,"K04","Nobelwind",51.6952444447278,2.7915066670242,c(2.7915066670242, 51.6952444447278)
"130",184,"K03","Nobelwind",51.7060194442639,2.79791305514621,c(2.79791305514621, 51.7060194442639)
"131",185,"K02","Nobelwind",51.7112583335578,2.80105722217918,c(2.80105722217918, 51.7112583335578)
"132",186,"K01","Nobelwind",51.7079416665745,2.80636583399937,c(2.80636583399937, 51.7079416665745)
"133",230,"H09","Northwind",51.5977084700161,2.87621311743091,c(2.87621311743091, 51.5977084700161)
"134",231,"H08","Northwind",51.6005209815386,2.88317920315385,c(2.88317920315385, 51.6005209815386)
"135",232,"H07","Northwind",51.6041312112867,2.8879060993639,c(2.8879060993639, 51.6041312112867)
"136",233,"H06","Northwind",51.6056491444923,2.89588767841852,c(2.89588767841852, 51.6056491444923)
"137",234,"H05","Northwind",51.6084604850285,2.90285619566114,c(2.90285619566114, 51.6084604850285)
"138",235,"H04","Northwind",51.6096448454998,2.91101298002064,c(2.91101298002064, 51.6096448454998)
"139",236,"H03","Northwind",51.6134060975687,2.91476066334594,c(2.91476066334594, 51.6134060975687)
"140",237,"H02","Northwind",51.6144186962102,2.9227745064186,c(2.9227745064186, 51.6144186962102)
"141",238,"H01","Northwind",51.6173094760679,2.91621216418666,c(2.91621216418666, 51.6173094760679)
"142",239,"G09","Northwind",51.5970074787741,2.86827453224029,c(2.86827453224029, 51.5970074787741)
"143",240,"G08","Northwind",51.6027808425224,2.87728225728445,c(2.87728225728445, 51.6027808425224)
"144",241,"G07","Northwind",51.6066695078496,2.88147390686394,c(2.88147390686394, 51.6066695078496)
"145",242,"G06","Northwind",51.6080532482158,2.88971597631079,c(2.88971597631079, 51.6080532482158)
"146",243,"G05","Northwind",51.6110983783708,2.89627958155843,c(2.89627958155843, 51.6110983783708)
"147",244,"G04","Northwind",51.6149320068854,2.89999712216762,c(2.89999712216762, 51.6149320068854)
"148",245,"G03","Northwind",51.6122921516399,2.90439332174874,c(2.90439332174874, 51.6122921516399)
"149",246,"G02","Northwind",51.6161165312973,2.90811166176613,c(2.90811166176613, 51.6161165312973)
"150",247,"G01","Northwind",51.6199497825128,2.91183060916175,c(2.91183060916175, 51.6199497825128)
"151",248,"F01","Northwind",51.6225899126124,2.90743410024916,c(2.90743410024916, 51.6225899126124)
"152",249,"F10","Northwind",51.5984386062326,2.86173010905017,c(2.86173010905017, 51.5984386062326)
"153",250,"F09","Northwind",51.6017732273981,2.868462886532,c(2.868462886532, 51.6017732273981)
"154",251,"F08","Northwind",51.6057783911112,2.87200356280478,c(2.87200356280478, 51.6057783911112)
"155",252,"F07","Northwind",51.6094791948288,2.87693204997582,c(2.87693204997582, 51.6094791948288)
"156",253,"F06","Northwind",51.6106925555139,2.8853193361183,c(2.8853193361183, 51.6106925555139)
"157",254,"F05","Northwind",51.6137379301359,2.89188302720017,c(2.89188302720017, 51.6137379301359)
"158",255,"F04","Northwind",51.6175716960381,2.89560041252785,c(2.89560041252785, 51.6175716960381)
"159",256,"F03","Northwind",51.6214053420585,2.89931842402717,c(2.89931842402717, 51.6214053420585)
"160",257,"F02","Northwind",51.618756523959,2.90371530793281,c(2.90371530793281, 51.618756523959)
"161",258,"E09","Northwind",51.6014834254588,2.85893419730723,c(2.85893419730723, 51.6014834254588)
"162",259,"E01","Northwind",51.6252298766267,2.90303708104717,c(2.90303708104717, 51.6252298766267)
"163",260,"E02","Northwind",51.6278696745093,2.89863955148086,c(2.89863955148086, 51.6278696745093)
"164",261,"E03","Northwind",51.6241342170221,2.89414076632839,c(2.89414076632839, 51.6241342170221)
"165",262,"E04","Northwind",51.6202112190516,2.89120319275459,c(2.89120319275459, 51.6202112190516)
"166",263,"E05","Northwind",51.6163773295979,2.8875004061888,c(2.8875004061888, 51.6163773295979)
"167",264,"E06","Northwind",51.6133317112875,2.88093662839692,c(2.88093662839692, 51.6133317112875)
"168",265,"E07","Northwind",51.6089301544233,2.86813894265081,c(2.86813894265081, 51.6089301544233)
"169",266,"E08","Northwind",51.6051843770352,2.86351460133867,c(2.86351460133867, 51.6051843770352)
"170",267,"D01","Northwind",51.6276096013849,2.91054442917089,c(2.91054442917089, 51.6276096013849)
"171",268,"D02","Northwind",51.6302496794462,2.90614710470163,c(2.90614710470163, 51.6302496794462)
"172",269,"D03","Northwind",51.6338068461035,2.90189177727929,c(2.90189177727929, 51.6338068461035)
"173",270,"D04","Northwind",51.6308967187419,2.89510749111969,c(2.89510749111969, 51.6308967187419)
"174",271,"D05","Northwind",51.6272060719805,2.89059414228676,c(2.89059414228676, 51.6272060719805)
"175",272,"D06","Northwind",51.6234792417327,2.88603827884566,c(2.88603827884566, 51.6234792417327)
"176",273,"D07","Northwind",51.619628016422,2.88314459482481,c(2.88314459482481, 51.619628016422)
"177",274,"D08","Northwind",51.6164211711927,2.87740435170387,c(2.87740435170387, 51.6164211711927)
"178",275,"D09","Northwind",51.6126397337841,2.87272081895913,c(2.87272081895913, 51.6126397337841)
"179",276,"C01","Northwind",51.6249693572307,2.9149412432006,c(2.9149412432006, 51.6249693572307)
"180",277,"C02","Northwind",51.6314427685175,2.91426452022239,c(2.91426452022239, 51.6314427685175)
"181",278,"C03","Northwind",51.6352758155487,2.91798523816942,c(2.91798523816942, 51.6352758155487)
"182",279,"C04","Northwind",51.6390367332588,2.92159110245215,c(2.92159110245215, 51.6390367332588)
"183",280,"C05","Northwind",51.6416772196104,2.91719331298746,c(2.91719331298746, 51.6416772196104)
"184",281,"C06","Northwind",51.6379161686378,2.91358760348089,c(2.91358760348089, 51.6379161686378)
"185",282,"C07","Northwind",51.6340829840792,2.90986704062177,c(2.90986704062177, 51.6340829840792)
"186",283,"C08","Northwind",51.6376474292793,2.90334295606589,c(2.90334295606589, 51.6376474292793)
"187",284,"C09","Northwind",51.6410149332484,2.90920299328149,c(2.90920299328149, 51.6410149332484)
"188",285,"C10","Northwind",51.644766554113,2.91204262568408,c(2.91204262568408, 51.644766554113)
"189",286,"B01","Northwind",51.6223289470302,2.91933754686571,c(2.91933754686571, 51.6223289470302)
"190",287,"B02","Northwind",51.6261618297063,2.92304350134692,c(2.92304350134692, 51.6261618297063)
"191",288,"B03","Northwind",51.6299946021513,2.92676452790438,c(2.92676452790438, 51.6299946021513)
"192",289,"B04","Northwind",51.6337462708412,2.93038516286872,c(2.93038516286872, 51.6337462708412)
"193",290,"B05","Northwind",51.6363870893151,2.92598839576801,c(2.92598839576801, 51.6363870893151)
"194",291,"B06","Northwind",51.6326352868233,2.92236791364483,c(2.92236791364483, 51.6326352868233)
"195",292,"B07","Northwind",51.6288023868668,2.91866148926789,c(2.91866148926789, 51.6288023868668)
"196",293,"A01","Northwind",51.6196883708297,2.92373334024115,c(2.92373334024115, 51.6196883708297)
"197",294,"A02","Northwind",51.6235211165579,2.92743945034426,c(2.92743945034426, 51.6235211165579)
"198",295,"A08","Northwind",51.6209359485521,2.93494044659707,c(2.93494044659707, 51.6209359485521)
"199",296,"A03","Northwind",51.6273537514869,2.93116063164323,c(2.93116063164323, 51.6273537514869)
"200",297,"A09","Northwind",51.6175877094641,2.92909550354972,c(2.92909550354972, 51.6175877094641)
"201",298,"A07","Northwind",51.6247127348763,2.93555622493642,c(2.93555622493642, 51.6247127348763)
"202",299,"A04","Northwind",51.6311052863783,2.93478141933566,c(2.93478141933566, 51.6311052863783)
"203",300,"A05","Northwind",51.6284731200134,2.93916270599464,c(2.93916270599464, 51.6284731200134)
"204",301,"A06","Northwind",51.6259036808839,2.94344228258929,c(2.94344228258929, 51.6259036808839)
"205",302,"A01","Northwester 2",51.6891422743425,2.76987675851,c(2.76987675851, 51.6891422743425)
"206",303,"A02","Northwester 2",51.6941264203167,2.77297158313632,c(2.77297158313632, 51.6941264203167)
"207",304,"A03","Northwester 2",51.7030692105846,2.77774277872859,c(2.77774277872859, 51.7030692105846)
"208",305,"A04","Northwester 2",51.7092648642348,2.78179371015838,c(2.78179371015838, 51.7092648642348)
"209",306,"B01","Northwester 2",51.6962822410595,2.76483738090811,c(2.76483738090811, 51.6962822410595)
"210",307,"B02","Northwester 2",51.7027145708354,2.75937894122919,c(2.75937894122919, 51.7027145708354)
"211",308,"B03","Northwester 2",51.7069269261587,2.76705130975459,c(2.76705130975459, 51.7069269261587)
"212",309,"C01","Northwester 2",51.6956603622054,2.75398569072966,c(2.75398569072966, 51.6956603622054)
"213",310,"C02","Northwester 2",51.6995280031651,2.74664012200709,c(2.74664012200709, 51.6995280031651)
"214",311,"C03","Northwester 2",51.6928600574458,2.73571124145544,c(2.73571124145544, 51.6928600574458)
"215",312,"C04","Northwester 2",51.6905121562851,2.74437541978656,c(2.74437541978656, 51.6905121562851)
"216",313,"D01","Northwester 2",51.6853042269633,2.75302819455959,c(2.75302819455959, 51.6853042269633)
"217",314,"D02","Northwester 2",51.684013912626,2.74097714296055,c(2.74097714296055, 51.684013912626)
"218",315,"D03","Northwester 2",51.6831418373285,2.72886249757825,c(2.72886249757825, 51.6831418373285)
"219",316,"D04","Northwester 2",51.6883406315442,2.72351595007507,c(2.72351595007507, 51.6883406315442)
"220",317,"E01","Northwester 2",51.6776995148699,2.74907451325407,c(2.74907451325407, 51.6776995148699)
"221",318,"E02","Northwester 2",51.676053158033,2.73397147250723,c(2.73397147250723, 51.676053158033)
"222",319,"E03","Northwester 2",51.6709174816509,2.73890758989282,c(2.73890758989282, 51.6709174816509)
"223",320,"E04","Northwester 2",51.6668815686744,2.74502987161344,c(2.74502987161344, 51.6668815686744)
"224",321,"F01","Northwester 2",51.6814464280053,2.76514134199038,c(2.76514134199038, 51.6814464280053)
"225",322,"F02","Northwester 2",51.6750714779702,2.76150109204642,c(2.76150109204642, 51.6750714779702)
"226",323,"F03","Northwester 2",51.6685371486859,2.75766826695202,c(2.75766826695202, 51.6685371486859)
"227",324,"F04","Northwester 2",51.6584019978964,2.75118264549051,c(2.75118264549051, 51.6584019978964)
"228",325,"RA1","Rentel",51.590809684305,2.89071926124702,c(2.89071926124702, 51.590809684305)
"229",326,"RA2","Rentel",51.5862964679385,2.89731972260418,c(2.89731972260418, 51.5862964679385)
"230",327,"RA3","Rentel",51.5814211317042,2.90489742809292,c(2.90489742809292, 51.5814211317042)
"231",328,"RA4","Rentel",51.5770474192111,2.91347896025659,c(2.91347896025659, 51.5770474192111)
"232",329,"RA5","Rentel",51.5722672223224,2.9210255277227,c(2.9210255277227, 51.5722672223224)
"233",330,"RA6","Rentel",51.5683310178997,2.92974364157133,c(2.92974364157133, 51.5683310178997)
"234",331,"RA7","Rentel",51.5640414969099,2.93843331515417,c(2.93843331515417, 51.5640414969099)
"235",332,"RB1","Rentel",51.5950966231969,2.8998112802222,c(2.8998112802222, 51.5950966231969)
"236",333,"RB2","Rentel",51.5907835104042,2.90767211688649,c(2.90767211688649, 51.5907835104042)
"237",334,"RB3","Rentel",51.5865177158536,2.91617700572511,c(2.91617700572511, 51.5865177158536)
"238",335,"RB4","Rentel",51.5822344601318,2.92352615725366,c(2.92352615725366, 51.5822344601318)
"239",336,"RB5","Rentel",51.5778261521049,2.93123994625338,c(2.93123994625338, 51.5778261521049)
"240",337,"RB6","Rentel",51.5735110099196,2.93909439524733,c(2.93909439524733, 51.5735110099196)
"241",338,"RB7","Rentel",51.5693994233815,2.94689214685011,c(2.94689214685011, 51.5693994233815)
"242",339,"RC1","Rentel",51.5985564691367,2.91346018456607,c(2.91346018456607, 51.5985564691367)
"243",340,"RC2","Rentel",51.5948298178939,2.92125030546987,c(2.92125030546987, 51.5948298178939)
"244",341,"RC3","Rentel",51.590717307252,2.92734057793754,c(2.92734057793754, 51.590717307252)
"245",342,"RC4","Rentel",51.5788214425387,2.94824768322938,c(2.94824768322938, 51.5788214425387)
"246",343,"RC5","Rentel",51.5747521397682,2.9550904865244,c(2.9550904865244, 51.5747521397682)
"247",344,"RD1","Rentel",51.6031087663252,2.92488433433518,c(2.92488433433518, 51.6031087663252)
"248",345,"RD2","Rentel",51.5985880577949,2.93366546972301,c(2.93366546972301, 51.5985880577949)
"249",346,"RD3","Rentel",51.5939930051051,2.94109083042205,c(2.94109083042205, 51.5939930051051)
"250",347,"RD4","Rentel",51.5890951381984,2.94924124631812,c(2.94924124631812, 51.5890951381984)
"251",348,"RD5","Rentel",51.584735720554,2.95682477227799,c(2.95682477227799, 51.584735720554)
"252",349,"RD6","Rentel",51.5803120563511,2.96469582451787,c(2.96469582451787, 51.5803120563511)
"253",350,"RE1","Rentel",51.6074644093779,2.93586468515541,c(2.93586468515541, 51.6074644093779)
"254",351,"RE2","Rentel",51.5984923841886,2.95148984121006,c(2.95148984121006, 51.5984923841886)
"255",352,"RE3","Rentel",51.5895728957311,2.96729515521701,c(2.96729515521701, 51.5895728957311)
"256",353,"RE4","Rentel",51.5852905374223,2.97529411927548,c(2.97529411927548, 51.5852905374223)
"257",354,"RF1","Rentel",51.6130665189521,2.94568538301263,c(2.94568538301263, 51.6130665189521)
"258",355,"RF2","Rentel",51.6095564699892,2.95271681847234,c(2.95271681847234, 51.6095564699892)
"259",356,"RF3","Rentel",51.597608174462,2.97351596281793,c(2.97351596281793, 51.597608174462)
"260",357,"RF4","Rentel",51.5927476726198,2.98030958010148,c(2.98030958010148, 51.5927476726198)
"261",358,"RF5","Rentel",51.5886887562626,2.98730995602464,c(2.98730995602464, 51.5886887562626)
"262",359,"RG1","Rentel",51.6180965602702,2.95524819996625,c(2.95524819996625, 51.6180965602702)
"263",360,"RG2","Rentel",51.614104685401,2.9616370866879,c(2.9616370866879, 51.614104685401)
"264",361,"RG3","Rentel",51.610885094366,2.96865396572179,c(2.96865396572179, 51.610885094366)
"265",362,"RG4","Rentel",51.6070450718151,2.97504130268553,c(2.97504130268553, 51.6070450718151)
"266",363,"RG5","Rentel",51.6031984960158,2.98143420657534,c(2.98143420657534, 51.6031984960158)
"267",364,"RG6","Rentel",51.598794893625,2.98692063928961,c(2.98692063928961, 51.598794893625)
"268",365,"RG7","Rentel",51.5953432649029,2.99445875364656,c(2.99445875364656, 51.5953432649029)
"269",366,"RG8","Rentel",51.5914168569081,3.00096847606201,c(3.00096847606201, 51.5914168569081)
"270",367,"SA1","Seastar",51.6183857455582,2.84264596694386,c(2.84264596694386, 51.6183857455582)
"271",368,"SA2","Seastar",51.6185888819588,2.853860390771,c(2.853860390771, 51.6185888819588)
"272",369,"SA3","Seastar",51.6162044325737,2.86351490529651,c(2.86351490529651, 51.6162044325737)
"273",370,"SA4","Seastar",51.6118666437857,2.85330733156648,c(2.85330733156648, 51.6118666437857)
"274",371,"SA5","Seastar",51.6081391930793,2.84134735216586,c(2.84134735216586, 51.6081391930793)
"275",372,"SB1","Seastar",51.621986927644,2.83522168630151,c(2.83522168630151, 51.621986927644)
"276",373,"SB2","Seastar",51.6254083404109,2.82791536890326,c(2.82791536890326, 51.6254083404109)
"277",374,"SB3","Seastar",51.6152010026683,2.81625973550465,c(2.81625973550465, 51.6152010026683)
"278",375,"SB4","Seastar",51.6121803749655,2.82316802288084,c(2.82316802288084, 51.6121803749655)
"279",376,"SB5","Seastar",51.6088364897882,2.83072456732056,c(2.83072456732056, 51.6088364897882)
"280",377,"SC1","Seastar",51.635510841233,2.84043850874342,c(2.84043850874342, 51.635510841233)
"281",378,"SC2","Seastar",51.6455207165639,2.85302878651834,c(2.85302878651834, 51.6455207165639)
"282",379,"SC3","Seastar",51.6549875035821,2.86595016205607,c(2.86595016205607, 51.6549875035821)
"283",380,"SC4","Seastar",51.6645671031463,2.87919167207808,c(2.87919167207808, 51.6645671031463)
"284",381,"SC5","Seastar",51.6608912434114,2.88532884485085,c(2.88532884485085, 51.6608912434114)
"285",382,"SD1","Seastar",51.6318450233102,2.84784428551969,c(2.84784428551969, 51.6318450233102)
"286",383,"SD2","Seastar",51.6417164895025,2.8599386188813,c(2.8599386188813, 51.6417164895025)
"287",384,"SD3","Seastar",51.6379582250323,2.86714382297823,c(2.86714382297823, 51.6379582250323)
"288",385,"SD4","Seastar",51.6475898836677,2.87916843733592,c(2.87916843733592, 51.6475898836677)
"289",386,"SD5","Seastar",51.6515640720291,2.87198666443466,c(2.87198666443466, 51.6515640720291)
"290",387,"SE1","Seastar",51.6282594802356,2.85532272581178,c(2.85532272581178, 51.6282594802356)
"291",388,"SE2","Seastar",51.6340901925907,2.8741092958933,c(2.8741092958933, 51.6340901925907)
"292",389,"SE3","Seastar",51.6434828101592,2.88588783297762,c(2.88588783297762, 51.6434828101592)
"293",390,"SE4","Seastar",51.6568659694826,2.89161533621299,c(2.89161533621299, 51.6568659694826)
"294",391,"SE5","Seastar",51.652916271839,2.89855549961367,c(2.89855549961367, 51.652916271839)
"295",392,"SF1","Seastar",51.6247030670755,2.86259245291795,c(2.86259245291795, 51.6247030670755)
"296",393,"SF2","Seastar",51.62256962363,2.87163187406029,c(2.87163187406029, 51.62256962363)
"297",394,"SF3","Seastar",51.630682389145,2.88179521003255,c(2.88179521003255, 51.630682389145)
"298",395,"SF4","Seastar",51.6395552226717,2.89334460154661,c(2.89334460154661, 51.6395552226717)
"299",396,"SF5","Seastar",51.6490060772148,2.90515254223359,c(2.90515254223359, 51.6490060772148)
"300",397,"NRT-A1","Norther",51.5249951686236,2.98155078409026,c(2.98155078409026, 51.5249951686236)
"301",398,"NRT-A2","Norther",51.5261615558902,2.97084239894308,c(2.97084239894308, 51.5261615558902)
"302",399,"NRT-A3","Norther",51.5169203591224,2.96814404804013,c(2.96814404804013, 51.5169203591224)
"303",400,"NRT-A4","Norther",51.5139639815605,2.95181644966042,c(2.95181644966042, 51.5139639815605)
"304",401,"NRT-B1","Norther",51.5105469304954,2.98526616190859,c(2.98526616190859, 51.5105469304954)
"305",402,"NRT-B2","Norther",51.5062511384618,2.9565985696428,c(2.9565985696428, 51.5062511384618)
"306",403,"NRT-B3","Norther",51.50795571608,2.94622154282718,c(2.94622154282718, 51.50795571608)
"307",404,"NRT-B4","Norther",51.512624899104,2.93881276382257,c(2.93881276382257, 51.512624899104)
"308",405,"NRT-C1","Norther",51.5016716620756,2.98532449139427,c(2.98532449139427, 51.5016716620756)
"309",406,"NRT-C2","Norther",51.5020895589071,2.97416580866406,c(2.97416580866406, 51.5020895589071)
"310",407,"NRT-C3","Norther",51.4956481163656,2.96917271639012,c(2.96917271639012, 51.4956481163656)
"311",408,"NRT-C4","Norther",51.5002826187698,2.95810008323612,c(2.95810008323612, 51.5002826187698)
"312",409,"NRT-D1","Norther",51.5039521616714,3.00649850464116,c(3.00649850464116, 51.5039521616714)
"313",410,"NRT-D2","Norther",51.4988453677779,2.99720159310059,c(2.99720159310059, 51.4988453677779)
"314",411,"NRT-D3","Norther",51.4940739763135,2.98437607628543,c(2.98437607628543, 51.4940739763135)
"315",412,"NRT-D4","Norther",51.4904103229852,2.97352626657261,c(2.97352626657261, 51.4904103229852)
"316",413,"NRT-E1","Norther",51.5112874212664,3.00080019490969,c(3.00080019490969, 51.5112874212664)
"317",414,"NRT-E2","Norther",51.5053613389552,3.01782374767988,c(3.01782374767988, 51.5053613389552)
"318",415,"NRT-E3","Norther",51.5098672610222,3.03119697705534,c(3.03119697705534, 51.5098672610222)
"319",416,"NRT-E4","Norther",51.5169510188444,3.04503265213332,c(3.04503265213332, 51.5169510188444)
"320",417,"NRT-F1","Norther",51.5142846235366,3.01897838722129,c(3.01897838722129, 51.5142846235366)
"321",418,"NRT-F2","Norther",51.522089576567,3.04038949538327,c(3.04038949538327, 51.522089576567)
"322",419,"NRT-F3","Norther",51.5357071968607,3.05909053757278,c(3.05909053757278, 51.5357071968607)
"323",420,"NRT-F4","Norther",51.5303106295567,3.06295529472855,c(3.06295529472855, 51.5303106295567)
"324",421,"NRT-G1","Norther",51.5276462636289,3.03125150693256,c(3.03125150693256, 51.5276462636289)
"325",422,"NRT-G2","Norther",51.5429984724094,3.0669207503701,c(3.0669207503701, 51.5429984724094)
"326",423,"NRT-G3","Norther",51.538166289313,3.07348567325615,c(3.07348567325615, 51.538166289313)
"327",424,"NRT-G4","Norther",51.5444608600419,3.0793534661274,c(3.0793534661274, 51.5444608600419)
"328",425,"NRT-H1","Norther",51.5204468840241,3.0069921920394,c(3.0069921920394, 51.5204468840241)
"329",426,"NRT-H2","Norther",51.5429490648182,3.05129919948244,c(3.05129919948244, 51.5429490648182)
"330",427,"NRT-H3","Norther",51.5507404884164,3.06593319961676,c(3.06593319961676, 51.5507404884164)
"331",428,"NRT-H4","Norther",51.5565538951598,3.0585738898366,c(3.0585738898366, 51.5565538951598)
"332",429,"NRT-I1","Norther",51.5335852107521,3.02513158934802,c(3.02513158934802, 51.5335852107521)
"333",430,"NRT-I2","Norther",51.5509072702622,3.04886423132401,c(3.04886423132401, 51.5509072702622)
"334",431,"NRT-I3","Norther",51.5562090890714,3.04292564632533,c(3.04292564632533, 51.5562090890714)
"335",432,"NRT-I4","Norther",51.5624984917742,3.04884751240855,c(3.04884751240855, 51.5624984917742)
"336",433,"NRT-J1","Norther",51.5333235077878,3.0107095938271,c(3.0107095938271, 51.5333235077878)
"337",434,"NRT-J2","Norther",51.5413296806855,3.02321977529627,c(3.02321977529627, 51.5413296806855)
"338",435,"NRT-J3","Norther",51.5665004424666,3.04019207561229,c(3.04019207561229, 51.5665004424666)
"339",436,"NRT-J4","Norther",51.5715458773667,3.03373297282758,c(3.03373297282758, 51.5715458773667)
"340",437,"NRT-K1","Norther",51.5185873464119,2.99214622875636,c(2.99214622875636, 51.5185873464119)
"341",438,"NRT-K2","Norther",51.5382581333935,2.9968036730844,c(2.9968036730844, 51.5382581333935)
"342",439,"NRT-K3","Norther",51.5452717394318,3.00693182343425,c(3.00693182343425, 51.5452717394318)
"343",440,"NRT-K4","Norther",51.5479316156953,3.01931066994061,c(3.01931066994061, 51.5479316156953)
"344",441,"A1","C-Power",51.5208695673985,2.92813817912661,c(2.92813817912661, 51.5208695673985)
"345",442,"A2","C-Power",51.525176809296,2.92096959230712,c(2.92096959230712, 51.525176809296)
"346",443,"A3","C-Power",51.5294984298738,2.91377699184881,c(2.91377699184881, 51.5294984298738)
"347",444,"A4","C-Power",51.5338135083717,2.90660452360149,c(2.90660452360149, 51.5338135083717)
"348",445,"A5","C-Power",51.5381146410004,2.89941313809127,c(2.89941313809127, 51.5381146410004)
"349",446,"A6","C-Power",51.5424155056472,2.89221607047388,c(2.89221607047388, 51.5424155056472)
"350",447,"A7","C-Power",51.5467224259272,2.8850453185419,c(2.8850453185419, 51.5467224259272)
"351",448,"B1","C-Power",51.5247350031553,2.93967477702461,c(2.93967477702461, 51.5247350031553)
"352",449,"B2","C-Power",51.5289551367952,2.9319471853513,c(2.9319471853513, 51.5289551367952)
"353",450,"B3","C-Power",51.5331741125798,2.92419509866989,c(2.92419509866989, 51.5331741125798)
"354",451,"B4","C-Power",51.5373906047351,2.91645499299126,c(2.91645499299126, 51.5373906047351)
"355",452,"B5","C-Power",51.541602540203,2.90871966415002,c(2.90871966415002, 51.541602540203)
"356",453,"B6","C-Power",51.5458093544237,2.90095609410669,c(2.90095609410669, 51.5458093544237)
"357",454,"B7","C-Power",51.5502178290693,2.89265079134262,c(2.89265079134262, 51.5502178290693)
"358",455,"C1","C-Power",51.5296535565999,2.950321879845,c(2.950321879845, 51.5296535565999)
"359",456,"C2","C-Power",51.5335733126343,2.94233804921475,c(2.94233804921475, 51.5335733126343)
"360",457,"C3","C-Power",51.5374948518596,2.93433813719487,c(2.93433813719487, 51.5374948518596)
"361",458,"C4","C-Power",51.5414311309676,2.92634115157603,c(2.92634115157603, 51.5414311309676)
"362",459,"C5","C-Power",51.5453407809629,2.91833562254075,c(2.91833562254075, 51.5453407809629)
"363",460,"C6","C-Power",51.5492777601762,2.91033587926642,c(2.91033587926642, 51.5492777601762)
"364",461,"C7","C-Power",51.5538653123734,2.90066744620175,c(2.90066744620175, 51.5538653123734)
"365",462,"D0","C-Power",51.5342809055323,2.96047585854213,c(2.96047585854213, 51.5342809055323)
"366",463,"D7","C-Power",51.5540841836165,2.91562824961739,c(2.91562824961739, 51.5540841836165)
"367",464,"D8","C-Power",51.5573740497352,2.90834336234258,c(2.90834336234258, 51.5573740497352)
"368",466,"E1","C-Power",51.5448262706636,2.97849685659094,c(2.97849685659094, 51.5448262706636)
"369",467,"E2","C-Power",51.5483301605376,2.97226400527221,c(2.97226400527221, 51.5483301605376)
"370",468,"E3","C-Power",51.5518432527489,2.96604590886834,c(2.96604590886834, 51.5518432527489)
"371",469,"E4","C-Power",51.5553610441572,2.95981430118684,c(2.95981430118684, 51.5553610441572)
"372",470,"E5","C-Power",51.5588888402606,2.95357566301213,c(2.95357566301213, 51.5588888402606)
"373",471,"F1","C-Power",51.5501648259837,2.98687212973928,c(2.98687212973928, 51.5501648259837)
"374",472,"F2","C-Power",51.5548071479091,2.97864764890072,c(2.97864764890072, 51.5548071479091)
"375",473,"F3","C-Power",51.5594484388656,2.97041759903727,c(2.97041759903727, 51.5594484388656)
"376",474,"F4","C-Power",51.5640833952449,2.96218991651193,c(2.96218991651193, 51.5640833952449)
"377",475,"G1","C-Power",51.5555143807151,2.9952973946106,c(2.9952973946106, 51.5555143807151)
"378",476,"G2","C-Power",51.5602048404639,2.98695320625274,c(2.98695320625274, 51.5602048404639)
"379",477,"G3","C-Power",51.5649118696162,2.97856227909813,c(2.97856227909813, 51.5649118696162)
"380",478,"G4","C-Power",51.5696102092166,2.97020050157342,c(2.97020050157342, 51.5696102092166)
"381",479,"H1","C-Power",51.5604156066085,3.00450285965674,c(3.00450285965674, 51.5604156066085)
"382",480,"H2","C-Power",51.5651323401998,2.99607201049211,c(2.99607201049211, 51.5651323401998)
"383",481,"H3","C-Power",51.5698505319173,2.987627730334,c(2.987627730334, 51.5698505319173)
"384",482,"H4","C-Power",51.5745872685347,2.97921141924632,c(2.97921141924632, 51.5745872685347)
"385",483,"I1","C-Power",51.563938462951,3.01616718450539,c(3.01616718450539, 51.563938462951)
"386",484,"I2","C-Power",51.5675561283921,3.00968994274301,c(3.00968994274301, 51.5675561283921)
"387",485,"I3","C-Power",51.571188449572,3.00319868772046,c(3.00319868772046, 51.571188449572)
"388",486,"I4","C-Power",51.5748030557099,2.99670928675288,c(2.99670928675288, 51.5748030557099)
"389",487,"I5","C-Power",51.5784260243141,2.9902286663229,c(2.9902286663229, 51.5784260243141)
"390",488,"J1","C-Power",51.577341974293,3.0100190376212,c(3.0100190376212, 51.577341974293)
"391",489,"J2","C-Power",51.5809644177785,3.00352482795787,c(3.00352482795787, 51.5809644177785)
"392",490,"D1","C-Power",51.5375804137683,2.95300199122387,c(2.95300199122387, 51.5375804137683)
"393",491,"D2","C-Power",51.5401716484749,2.94715494730942,c(2.94715494730942, 51.5401716484749)
"394",492,"D3","C-Power",51.5427789449457,2.94128659763296,c(2.94128659763296, 51.5427789449457)
"395",493,"D4","C-Power",51.545389359778,2.93541108310897,c(2.93541108310897, 51.545389359778)
"396",494,"D5","C-Power",51.547984646867,2.92954025669933,c(2.92954025669933, 51.547984646867)
"397",495,"D6","C-Power",51.5505897964809,2.92366571521333,c(2.92366571521333, 51.5505897964809)
